ts_code,trade_date,adx,winner_rate,main_net,holder_pct,r5,dd5,r20,dd20,r30,dd30,r40,dd40,total_mv,pe,pe_ttm,pb,market_score_adj,mf_divergence,mf_strength,mf_consecutive,ma_ratio_5,ma_ratio_10,ma_ratio_20,ma_ratio_60,ma_ratio_120,ma5_ma20,ma20_ma60,macd,macd_signal,macd_hist,rsi_6,rsi_14,rsi_24,kdj_k,kdj_d,kdj_j,boll_pct,boll_width,atr_pct,bias_5,bias_10,bias_20,roc_10,roc_20,cci_14,wr_14,mfi_14,trix,vol_ratio_5,vol_ratio_20,amplitude,amount_ratio_20,vol_price_match,obv,obv_diff_20,cdl2crows,cdl3blackcrows,cdl3inside,cdl3linestrike,cdl3outside,cdl3starsinsouth,cdl3whitesoldiers,cdlabandonedbaby,cdladvanceblock,cdlbelthold,cdlbreakaway,cdlclosingmarubozu,cdlconcealbabyswall,cdlcounterattack,cdldarkcloudcover,cdldoji,cdldojistar,cdldragonflydoji,cdlengulfing,cdleveningdojistar,cdleveningstar,cdlgapsidesidewhite,cdlgravestonedoji,cdlhammer,cdlhangingman,cdlharami,cdlharamicross,cdlhighwave,cdlhikkake,cdlhikkakemod,cdlhomingpigeon,cdlidentical3crows,cdlinneck,cdlinvertedhammer,cdlkicking,cdlkickingbylength,cdlladderbottom,cdllongleggeddoji,cdllongline,cdlmarubozu,cdlmatchinglow,cdlmathold,cdlmorningdojistar,cdlmorningstar,cdlonneck,cdlpiercing,cdlrickshawman,cdlrisefall3methods,cdlseparatinglines,cdlshootingstar,cdlshortline,cdlspinningtop,cdlstalledpattern,cdlsticksandwich,cdltakuri,cdltasukigap,cdlthrusting,cdltristar,cdlunique3river,cdlupsidegap2crows,cdlxsidegap3methods,lr_slope_20,lr_slope_60,lr_angle_20,channel_pos_60,lr_r2_60,break_high_20,break_high_60,break_low_20,gap_up,gap_down,limit_up,limit_consec,volume_spike_up,volume_spike_dn,k_kmid,k_klen,k_kmid2,k_kup,k_kup2,k_klow,k_klow2,k_ksft,k_ksft2,qtlu_20,qtld_20,rank_20,rsv_20,imax_20,imin_20,imxd_20,corr_close_vol_20,cord_ret_vol_20,cntp_20,cntn_20,cntd_20,sump_20,sumn_20,sumd_20,vma_20,vstd_20,wvma_20,aroon_up,aroon_dn,aroon_osc,kama_20,kama_dist,sar_signal,cmo_14,bop,ppo,apo,ad,adosc,natr_14,stochrsi_k,stochrsi_d,ht_trendmode,industry,r10,max_gain_20,max_dd_20,amount_1d,amount_5d_avg,amount_20d_avg,amount_log,amount_zscore_60d,amount_breakout,regime_days_in,regime_intensity,hs300_ret60_z60,cyb_rel_strength,zz500_rel_strength,sm_net_5d,mid_net_5d,lg_net_5d,elg_net_5d,main_net_5d,lg_net_20d,elg_net_20d,main_net_20d,main_consec_in,main_consec_out,dispersion_5d,elg_ratio_5d,buy_sell_imb_5d,f1_main_in_red,f2_main_out_green,f3_main_follow_breakout,f4_dispersion_price_align,f5_main_acc_velocity_60d,f6_inst_buy_pressure,f7_silent_accumulation,f8_quiet_distribution,upward_impact_per_amount,range_per_amount_5d,amihud_illiq_5d,kyle_lambda_20d,tail_risk_5d,range_compression,drawdown_recovery,price_impact_asym,mfk_main_ma5,mfk_main_ma20,mfk_main_ma_diff,mfk_main_cross_state,mfk_main_days_in_cross,mfk_main_cross_strength,mfk_main_macd,mfk_main_macd_hist,mfk_main_macd_zero_dist,mfk_smart_dumb_spread,mfk_pyramid_top_heavy,mfk_inst_acc_velocity,mfk_main_price_sync_20d,mfk_main_lead_5d,mfk_main_velocity_5d,mfk_main_consec_above_ma20,mfk_main_acc_ratio_60d,pyr_5d,pyr_10d,pyr_20d,pyr_60d,pyr_acc_5_20,pyr_velocity_10_60,pyr_velocity_5_60,pyr_velocity_10_30,pyr_velocity_20_60,pyr_velocity_5_30,f1_neg1,f2_pos1,f1_neg5,f2_pos5,f1_neg8,f2_pos8,regime_id,mkt_ret_5d,mkt_ret_20d,mkt_ret_60d,mkt_rsi14,mkt_vol_ratio,r10_pred,r20_pred,sell_10_v6_prob,sell_20_v6_prob,buy_score,sell_score,snap_date,ef_score,ef_focus,ef_inst_pct,ef_main_cost_dev,ef_rank_chg,ef_rank_now,close_now,pe_ttm_now,turnover_now,xq_follow_count,xq_follow_pct,xq_tweet_count,xq_tweet_pct,verdict,confidence,key_reason
301057.SZ,20260105,10.0,6.0,-10.0,8.0,13.447867298578197,-4.106159238858289,10.51540284360191,-6.58487731597395,32.73104265402845,-6.58487731597395,15.758293838862562,-21.874320504457494,394888.8227,127.6916,106.0234,5.1904,-5.0,-5.0,-10.0,0.0,-0.007875866933113929,0.05132037867463857,0.11054458132535072,0.2180982849445552,0.3584328663496812,0.11936051579795715,0.09684771366030831,1.591701288560575,1.0522716535441696,0.5394296350164054,61.60107209543381,63.4259142299627,62.35079844354504,74.30049009386617,84.13336334902944,54.63474358353963,0.8508483421204265,0.3150779640492263,0.061906335409603754,-0.007875866933113929,0.05132037867463857,0.11054458132535072,23.256663015699154,12.645979312645972,102.54835245350421,-40.58219178082194,74.77366794179652,0.6143313474149981,1.4226677931744691,2.4656834797875953,0.10354374307862686,2.66729036836343,4,2896350.4000000013,146784.7999999998,0,0,0,0,0,0,0,0,0,0,0,0,0,0,0,0,0,0,0,0,0,0,0,0,0,0,0,0,0,0,0,0,0,0,0,0,0,0,0,0,0,0,0,0,0,0,0,0,0,0,0,0,0,0,0,0,0,0,0,0,0,0.3071654135338348,0.16307196443456584,17.07514699900338,0.8249258160236776,0.46464117377021896,0.0,0.0,0.0,0.0,0.0,0.0,0.0,0.0,0.0,-0.05961002785515156,0.10417827298049855,-0.5721925133688308,0.016713091922005145,0.16042780748658841,0.02785515320334184,0.2673796791443134,-0.04846796657381486,-0.46524064171110585,-0.03797393364928903,-0.1549170616113743,0.9,0.7296678121419553,1.0,10.0,-9.0,0.8725894032933905,0.5159289155187338,11.0,9.0,2.0,34.525,21.3575,13.167499999999997,32624.52,19397.407370406934,39583.20912509212,92.85714285714286,21.42857142857143,71.42857142857143,30.49275832352151,0.09677848567767745,1.0,26.851828459925393,-0.5721925133689838,3.650868355890305,1.103910256410277,1110929.9603152846,12586.622561661527,6.190633540960375,0.0,66.66666666666656,1.0,化纤,16.7836,22.4854,-0.614,271.5713,194.3484,103.1273,5.6079,2.6679,0.0,9,2.333275032729627,-1.207860154527993,0.03637457191638904,0.0533816222983563,0.001993300000000014,0.04857499999999999,-0.0009548999999999842,-0.0496134,-0.05056829999999998,0.017196500000000017,-0.0585597,-0.04136319999999999,0.0,4.0,-2.0,0.981116628401588,3.1853450910995044e-08,-0.0135889,0.039969800000000014,-0.0,-2.0,0.016666666666666666,0.8660066137776434,0.0,0.0,7e-06,1.5e-05,2.2e-07,0.4573,-7.524,0.685,0.153,-2e-06,-0.01011366,-0.00206816,-0.0080455,-1.0,10.0,-2.6222556841885694,-0.0033437091109694483,-0.0019428326407307304,-3.89123603067149,2.0064534122986117,0.5660052392197383,2.0960002283100994,-0.8733810979321309,-0.17050161207742617,-0.009805840000000001,0.0,0.016666666666666666,0.5660052392197384,0.5187982242990076,0.45304248808139547,0.3695167013865722,1.2465909118141199,0.14928152291243535,0.19648853783316622,0.11090894735305518,0.08352578669482325,0.15811596227378605,-0.0135889,0.036979399999999996,-0.0135889,0.0,-0.0,0.0,3,0.016200183520228117,0.03765036060150839,0.0017560325131438237,65.68088033012381,1.3238228856355476,1.5450655917421958,3.821885085563996,0.7237674669243791,0.6034373697981512,77.77590020449179,80.1683515882902,2026-04-30,54.28961843,58.4,0.20942927272700002,0.3837966449004848,922.0,3910.0,32.34,57.93,3.15,2172.0,0.04792560801144492,144.0,0.1734620886981402,假涨,75,机构温和退出，主力净流出，死叉状态
301413.SZ,20250902,10.0,-10.0,5.0,0.0,5.294117647058815,-10.117647058823533,22.03676470588235,-17.135549872122763,10.632352941176476,-29.7851662404092,-0.0367647058823613,-30.83375959079284,1338266.996,161.9441,149.4585,10.9687,-5.0,8.0,5.0,0.0,0.1097511219910241,0.1351400979892996,0.2632361136912502,0.5735095046916037,0.5619691147406052,0.13830577744752004,0.24561789172866222,11.099395604443842,9.604941415989426,1.4944541884544158,83.97650286629747,78.14451172822382,73.90532309634553,60.32387800610883,60.15037055242226,60.670892913481964,0.9928097743434458,0.5341535971804762,0.06740450480041081,0.1097511219910241,0.1351400979892996,0.2632361136912502,16.23931623931625,60.41519226232601,126.43452565926857,-14.368967401201948,74.69593762790763,1.788053091503472,1.9446301528600811,2.024985032061145,0.2826286381452755,2.373403420776926,1,1351297.3300000003,427157.4500000002,0,0,0,0,0,0,0,0,0,0,0,0,0,0,0,0,0,0,0,0,0,0,0,0,0,0,0,0,0,0,0,0,0,0,0,0,0,0,0,0,0,0,0,0,0,0,0,0,0,0,0,0,0,0,0,0,0,0,0,0,0,2.31022556390977,0.8911792164490129,66.59423220138311,0.9999999999999852,0.6248552253538462,1.0,1.0,0.0,0.0,1.0,1.0,1.0,0.0,0.0,0.1605085758170479,0.28918849731205476,0.5550309825907186,0.06732656369997371,0.23281203894953545,0.06135335779503317,0.21215697845971637,0.15453536991210734,0.5343759221008996,-0.11727941176470591,-0.33444117647058835,1.0,0.9999999999999786,0.0,13.0,-13.0,0.22508824828134902,0.7710490659048128,12.0,8.0,4.0,65.9312,15.4912,50.440000000000005,59240.7885,19604.383376946826,74855.99842290235,100.0,7.142857142857143,92.85714285714286,115.36990706152149,0.15169185984175265,-1.0,56.28902345644764,0.555030982590735,16.217366396595533,16.513333333333406,-502522.8866412835,1009.687420257018,6.740450480041081,100.0,42.52441754267866,1.0,电器仪表,32.4241,47.1583,-12.6461,1631.4793,775.5992,643.9697,7.3979,4.4372,1.0,0,0.17005832560375023,1.800284761835708,0.13136314166297614,0.010151264881311572,0.07605710000000003,-0.09426699999999999,-0.06834260000000004,0.08655260000000005,0.018210000000000018,-0.0275183,0.2871612,0.25964290000000007,1.0,0.0,0.0,3.0,1.8285906539335374e-08,0.0,-0.07760819999999993,0.01820999999999992,0.0,0.6,1.010755739864664,0.0,0.0,9e-06,1.6e-05,3e-08,0.7978,-19.118,2.192,0.0,2e-06,0.0036419999999999842,0.012982144999999997,-0.009340145000000013,-1.0,6.0,-0.6680051594372691,0.0037019912312616114,0.002564219638676914,0.9997026774421448,5.399332238966878,0.8219148680199138,1.2284822963492756,-0.5631842750136725,0.2687662583034913,-0.00029908000000002403,1.0,0.6,0.8219148680199138,0.8115965165100737,0.7509390161513655,0.6131837971717818,1.0930605413012138,0.19841271933829185,0.20873107084813192,0.11356864340092021,0.13775521897958365,0.12388699491076027,-0.03205330000000003,-0.05958549999999993,0.0,-0.07760819999999993,0.0,-0.07760819999999993,0,0.008502916280187511,0.09431088474332583,0.16168279665862118,76.81778567644697,1.1699276953411748,2.7198616071383026,7.6522684553488896,0.8069769407398626,0.7441123877308642,97.2139548675777,92.84729475743546,2026-04-30,51.2514893,62.4,0.304892,0.5104022367344876,-451.0,4590.0,100.69,801.15,5.32,13988.0,0.33297567954220314,707.0,0.7372138769670958,假涨,85,机构温和退出且死叉，高概率下跌信号与弱市场
603255.SH,20250911,6.0,-10.0,0.0,-6.0,-5.586592178770957,-6.111111111111115,-7.770441848654144,-8.383838383838384,-16.607414931437276,-18.03030303030303,-9.268664296597272,-18.03030303030303,530100.7446,,,3.3507,-5.0,8.0,5.0,0.0,0.06726651851048837,0.08895832757238087,0.14676761793826443,0.23456016051163076,0.34217589502534906,0.07449039021549209,0.07655652391999501,1.5719599361094794,1.1609071496431251,0.41105278646635424,90.1059775438209,80.59525499731105,74.60702756815347,89.82911493068201,85.41007204778619,98.66720069647366,1.0997110931561107,0.24473053710890372,0.03716441030660696,0.06726651851048837,0.08895832757238087,0.14676761793826443,19.878234398782357,24.896923564858863,176.55379984951074,-3.5796766743648414,55.87668534692338,0.595482567509209,1.0292110280684048,1.315963619786796,0.052795838751625516,1.494260821911161,2,842485.8300000001,202366.4900000001,0,0,0,0,0,0,0,0,0,0,0,0,0,0,0,0,0,0,0,0,0,0,0,0,0,0,0,0,0,0,0,0,0,0,0,0,0,0,0,0,0,0,0,0,0,0,0,0,0,0,0,0,0,0,0,0,0,0,0,0,0,0.3235939849624073,0.11764267852180929,17.931268904681403,0.9999999999999177,0.31016655726316456,1.0,1.0,0.0,0.0,0.0,0.0,0.0,0.0,0.0,0.02392095683827295,0.05278211128445003,0.45320197044312704,0.00806032241289618,0.15270935960583362,0.0208008320332809,0.39408866995054664,0.03666146645865767,0.6945812807878401,-0.09547993905535801,-0.17475876079228048,1.0,0.9999999999998698,0.0,19.0,-19.0,0.4367323985237172,0.31716819106573996,12.0,8.0,4.0,30.679099999999995,7.6607,23.018399999999993,28029.247499999998,10718.509224205973,36159.34175251212,100.0,28.571428571428573,71.42857142857143,34.98464536233755,0.11161388109858654,1.0,61.19050999462207,0.45320197044335037,5.054463009512551,1.7091666666666683,487337.5302866058,47113.54690712062,3.716441030660696,100.0,84.65118777043604,1.0,化工原料,-0.4572,4.0132,-13.4112,145.255,133.3097,97.211,4.9854,1.6369,0.0,7,0.1855743537035659,1.9735909282253583,0.14671660032636424,0.017967151194928643,0.016091199999999983,-0.011661800000000002,0.015683400000000004,-0.020112700000000008,-0.004429300000000006,0.006383300000000017,-0.04723220000000001,-0.040848899999999994,1.0,0.0,-2.0,3.0,6.965566070649018e-08,0.0,0.0016214999999999964,-0.0044293000000000015,-2.0,0.6333333333333333,0.9767206328783942,0.0,0.0,3e-06,1.4e-05,1.5e-07,0.7135,-12.697,0.788,0.0,-8e-06,-0.0008858600000000002,-0.0020424449999999995,0.0011565849999999993,1.0,8.0,0.38014984658720186,0.0007095707628974324,0.00015554489746575403,0.6500000065313157,-2.409879678584346,0.4021121883138225,1.5276823627719398,0.6122192209098736,0.22494554081130622,-0.0005035200000000012,2.0,0.6333333333333333,0.40211218831382245,0.359737643965246,0.35734880442000116,0.3193278442528207,1.1221251008906077,0.04040979971242531,0.08278434406100177,0.021009411449747273,0.038020960167180484,0.06338395579832373,0.0,0.0015490999999999992,0.0,0.0016214999999999964,0.0,0.0016214999999999964,0,0.04188114661150322,0.08978963939894213,0.1834305207528315,61.87642317309975,0.9041518059480942,2.421205524252262,2.0282737373463644,0.6609063465371867,0.6095140336314889,83.06909893698784,75.27518987988805,2026-04-30,59.06963266,68.4,0.23224639999999996,0.35713877994481674,1670.0,2631.0,31.19,93.88,2.67,6802.0,0.19223891273247495,108.0,0.12187052932761087,假涨,75,机构温和退出，主力无净流入，市场关注度低
603893.SH,20250828,10.0,-10.0,10.0,8.0,-17.857142857142854,-20.905399918798217,-4.1364479676168,-20.905399918798217,-22.516444594366675,-25.391798619569638,-23.49047056839265,-26.32967925294357,9977998.2918,167.7363,105.7847,25.2186,-5.0,8.0,10.0,0.0,0.13753441478084882,0.2105620466645226,0.31622105365393405,0.47322496249537993,0.484981747673324,0.1570824025640667,0.1192838455254841,14.671049085693852,9.565241958975438,5.105807126718414,91.50857707849664,85.15619918325075,79.5171212011822,88.46373500856653,82.81515168568843,99.76090165432274,1.196369506246132,0.45409951299930446,0.042406884925197355,0.13753441478084882,0.2105620466645226,0.31622105365393405,33.32583764335509,46.39506172839507,219.87316492064042,-0.0,89.60769755731539,1.0643650902576463,1.6001793554639314,2.370697279834486,0.06961966604823744,2.9307795651151225,1,5652755.919999998,1499145.0099999993,0,0,0,0,0,0,0,0,0,0,0,100,0,0,0,0,0,0,0,0,0,0,0,0,0,0,0,0,0,0,0,0,0,0,0,0,0,0,0,0,0,0,0,0,0,0,0,0,0,0,0,0,0,0,0,0,0,0,0,0,0,3.2188345864661567,0.9153295359822146,72.74147230757043,0.9999999999999896,0.6002397984012923,1.0,1.0,0.0,1.0,0.0,1.0,2.0,0.0,0.0,0.05357618836072834,0.06668147490004409,0.8034643570952169,0.0,0.0,0.01310528653931575,0.19653564290471645,0.06668147490004409,0.9999999999999334,-0.17353685275763198,-0.3178444931691685,1.0,0.9999999999999877,0.0,14.0,-14.0,0.8713075535837153,0.6101611796679208,14.0,6.0,8.0,50.2439,10.0401,40.203799999999994,122365.51349999997,61012.30584476316,159483.8532661376,100.0,7.142857142857143,92.85714285714286,194.60541772381995,0.17943406255768202,1.0,70.31239836650151,0.8034643570952704,9.166744825690856,16.164038461538496,491664.4491756271,166260.14399347943,4.240688492519736,100.0,78.6188500729671,1.0,半导体,-10.5617,5.5701,-19.223,6879.8121,3854.4754,2310.7998,8.8365,4.9544,1.0,2,2.442214316814586,1.8550215436246793,0.1190108513577448,0.030800809455477696,-0.06843230000000006,-0.19835240000000004,-0.21514139999999993,0.4819261000000001,0.2667847,-0.24063799999999985,0.011679199999999789,-0.22895880000000002,0.0,1.0,2.0,1.806423306883791,-1.1077669147237624e-09,-0.0,-0.2774733999999999,0.2667846999999997,2.0,0.9666666666666667,1.0338659353270028,0.0,0.0,1e-06,4e-06,1e-08,0.6813,-21.77,0.469,0.0,-2e-06,0.05335693999999994,-0.011447940000000007,0.06480487999999995,1.0,6.0,5.206072651378454,0.021484671054344043,0.015494383318240254,2.4834496630918546,-1.8050355130252598,0.7265144819666065,2.0315884217240505,0.6367539038314602,0.2776983407271545,0.06868637999999998,0.0,0.9666666666666667,0.7265144819666065,0.6154323599493176,0.5424618250592467,0.44786890140925173,1.3368270749972253,0.16756345854006582,0.2786455805573548,0.10704799631349371,0.09459292364999494,0.21813011833078266,-0.0,-0.2774733999999999,-0.0,-0.2774733999999999,-0.0,-0.3269562000000001,0,0.04097647659669734,0.09524755924909023,0.1511827025242678,81.83140824328882,1.2480269289243375,2.718584779173531,5.6524667697489015,0.7869265453600957,0.8158438912527505,92.18427255973063,96.92294836663355,2026-04-30,71.73835306,87.2,0.4026656,0.04078402670873622,220.0,270.0,182.9,58.48,2.0,107278.0,0.9050429184549357,3424.0,0.9576180257510729,真涨,75,机构持续加仓且趋势向上，行业强势，矛盾信号或为洗盘
300513.SZ,20250616,10.0,0.0,-10.0,0.0,-3.4028540065861557,-5.927552140504931,-0.21953896816684493,-5.927552140504931,2.4149286498353533,-6.269925611052071,2.7442371020856204,-6.269925611052071,285772.6422,,,2.0795,-5.0,-12.0,-5.0,0.0,-0.03393425238600234,-0.004480384657414516,0.08226908226908214,0.13848909624877637,0.07001282214413651,0.1202851202851205,0.05194642894336732,0.45128427057383114,0.3633258096430096,0.08795846093082155,53.00487492492392,58.37283538718856,57.2048934398521,49.86791078564527,58.93368968429345,31.736352988348912,0.6895278185777873,0.4340739153039695,0.05548767869416797,-0.03393425238600234,-0.004480384657414516,0.08226908226908214,18.929503916449075,20.822281167108734,23.713558477000362,-48.039215686274524,55.65213353060345,0.9699542124294913,0.4903065972770945,0.8224847426298536,0.04494382022471914,0.8053775120453862,2,5012255.410000001,650990.2800000003,0,0,0,0,0,0,0,0,0,0,0,0,0,0,0,0,0,0,0,0,0,0,0,0,0,0,0,0,0,0,0,0,0,0,0,0,0,0,0,0,0,0,0,0,0,0,0,0,0,0,100,0,0,0,0,0,0,0,0,0,0,0.12381203007518747,0.009470130591831086,7.057988080323351,0.6828571428569474,-0.25102780440517236,0.0,0.0,0.0,0.0,0.0,0.0,0.0,0.0,0.0,0.03405221339386661,0.045402951191822354,0.7499999999981217,0.007945516458568938,0.17499999999956306,0.0034052213393868025,0.07499999999981528,0.029511918274684478,0.6499999999983739,0.035784851811196505,-0.15938529088913278,0.7,0.5904059040588224,4.0,15.0,-11.0,0.9152710977719758,0.8850077323422088,10.0,10.0,0.0,43.944500000000005,22.398,21.546500000000005,218267.13700000002,230266.7650290739,347070.1112213537,57.142857142857146,0.0,57.142857142857146,8.82364005837023,0.03143358305485592,-1.0,16.74567077437712,0.7499999999999967,8.07068258112658,0.6657692307692411,395364.69316594105,-96607.31831623585,5.548767869416797,9.738798086909387,3.246266028969744,1.0,软件服务,0.7692,5.4945,-7.1429,163.544,352.9772,202.4905,5.1032,0.3424,0.0,9,0.8096549033281452,-1.4159831823249316,0.012693677240750767,0.013022022442917058,0.02435340000000006,-0.003989299999999999,-0.004865900000000005,-0.015498100000000018,-0.020364000000000035,-0.10805110000000002,0.011813299999999987,-0.09623780000000003,1.0,0.0,-2.0,0.7610538204674913,3.3636747893217545e-08,-0.044341500000000006,-0.0285981,-0.0,2.0,0.11666666666666667,0.9521125819934464,0.33951299780741095,0.0,1e-06,2e-06,1.4e-07,0.445,-3.622,1.193,0.368,0.0,-0.0040728,-0.004811890000000002,0.0007390900000000021,1.0,1.0,0.12716861468472423,-0.00195321743881648,0.0006471028288419296,-1.1952890462010712,3.234907190550544,0.31461772825017975,1.537817222227023,-0.7519803258781428,0.15473591476888895,0.011018740000000006,1.0,0.11666666666666667,0.31461772825017975,0.39919443526887477,0.3756449855383122,0.3257110047304152,0.8353163863326595,0.07348343053845957,-0.011093276480235448,0.03704160959753938,0.049933980807897016,-0.047535097421155637,-0.0603831,-0.040019100000000016,-0.029818600000000008,-0.0285981,0.0,-0.0,5,-0.0029470433048065514,-0.00393151097043265,-0.0307721946862356,53.3229768435361,1.1403428986371293,1.4974680461349434,2.1425678095044,0.7250594499583233,0.8015399393835708,73.0064217914147,91.53184465847225,2026-04-30,52.73947768,66.0,0.1903592,0.5066748811417453,200.0,4273.0,9.08,-26.86,3.24,17184.0,0.3851931330472103,223.0,0.31491416309012876,假涨,85,机构温和退出，主力净流出，高概率下跌信号明确。
002197.SZ,20250508,0.0,-10.0,5.0,0.0,-4.15162454873647,-7.039711191335734,14.440433212996387,-7.039711191335734,17.148014440433215,-7.039711191335734,32.31046931407942,-7.039711191335734,340357.0621,,,1.5884,-5.0,8.0,10.0,0.0,0.07364341085271309,0.15200665419006043,0.17622080679405516,0.10029791459781534,0.19020338012030935,0.09554140127388533,-0.06454816285998022,0.0401543881888502,-0.08971212597299802,0.12986651416184822,84.84777727856343,65.174792088092,58.994411373348186,95.16908212560395,93.14931389852306,99.20861857976573,1.114777710010116,0.2866415029769949,0.044295220972448965,0.07364341085271309,0.15200665419006043,0.17622080679405516,28.240740740740744,13.061224489795919,158.36082398651146,-0.0,73.04726545985162,-0.24713818549420008,1.1296511211369002,1.1237639232543266,0.05492424242424243,1.3069755915736112,2,15711845.879999997,1576145.629999999,0,0,0,0,0,0,0,0,0,0,0,100,0,0,0,0,0,0,0,0,0,0,0,0,0,0,0,0,0,0,0,0,0,0,0,0,0,0,0,0,0,0,0,0,0,0,0,0,0,0,0,0,0,0,0,0,0,0,0,0,0,0.031022556390977334,-0.0010436232286745672,1.776891670868589,0.6343612334798968,-0.9352408847671609,1.0,0.0,0.0,0.0,0.0,0.0,0.0,0.0,0.0,0.04331450094161151,0.0546139359698579,0.7931034482731286,0.0,0.0,0.011299435028246386,0.20689655172342314,0.0546139359698579,0.9999999999965518,-0.11155234657039714,-0.1830324909747293,1.0,0.9999999999993054,0.0,9.0,-9.0,-0.15606612076236218,-0.42864246241076254,12.0,7.0,5.0,40.5594,26.805799999999998,13.753599999999999,249245.2945,117423.8395694034,245489.41817693342,100.0,35.714285714285715,64.28571428571429,4.7901948105191705,0.13534389701817584,1.0,30.349584176184003,0.7931034482758634,-1.229825263439129,-0.05910256410258441,-7609030.951239686,160192.0478390716,4.429522097244896,100.0,100.0,1.0,IT设备,0.722,15.8845,-7.4007,155.1714,127.9127,116.7917,5.051,0.0192,0.0,0,0.37698129373125777,-0.01837656269041469,0.04957545112984829,0.018671959401512117,4.9400000000001526e-05,-0.006492199999999999,0.0028321999999999974,0.003610300000000049,0.006442500000000019,-0.0320266,-0.0206347,-0.05266130000000006,1.0,0.0,0.0,0.5603880481179725,-2.0016353058806298e-07,0.0,-0.0301992,0.0064424999999999535,0.0,0.7333333333333333,1.0250469545352574,0.0,0.0,1e-06,2e-06,2.9e-07,-0.0841,-14.621,0.116,0.0,-1e-06,0.0012884999999999906,-0.002633064999999998,0.003921564999999988,1.0,9.0,1.0794095343738663,0.00347147906828454,0.001097075139198554,1.254743044220332,15.224339295464091,0.6875227358763022,1.1492488195174853,0.142049150262241,0.09842631585288168,-0.002308500000000003,1.0,0.7333333333333333,0.6875227358763016,0.6934120169430614,0.6790097166150489,0.7175441995080626,1.0110483998650064,-0.02413218256500116,-0.030021463631760947,0.02996974593166457,-0.038534482893013644,0.024080464864904783,0.0,-0.015013899999999964,0.0,-0.0055685000000000005,0.0,-0.0,0,0.01884906468656289,0.07339863599893026,-0.010224265933670651,84.56375838926162,0.815546930536254,1.7991809762392703,4.548851871750205,0.634359917681011,0.5696244018954442,82.51845474709933,70.79653112656781,2026-04-30,46.56090685,78.0,0.2929328,0.5554570064574458,-725.0,5098.0,8.05,691.38,2.51,69360.0,0.8340486409155937,1338.0,0.8662374821173104,假涨,75,机构温和退出，市场关注虚高，矛盾信号更似顶部派发
920169.BJ,20250723,-2.0,6.0,,-6.0,-0.8791760864104532,-2.7979015738196464,-0.025119316754597127,-11.536631779257853,-13.539311730720923,-18.125594671741194,-20.7736749560412,-24.976213130352047,325428.3976,233.458,224.0683,10.5399,-5.0,-5.0,-10.0,0.0,-0.02665036674816612,-0.015432556759162996,-0.031528244051963195,0.14142355386710626,0.5775864631113841,-0.005011433853938652,0.17858218048885366,0.9536207515079198,1.3872171726805793,-0.4335964211726595,42.67046920413805,50.64593244109011,54.24591749545664,49.68235656071153,60.110506722522395,28.826056237089816,0.3066890464445663,0.16309600398780308,0.0755344531961316,-0.02665036674816612,-0.015432556759162996,-0.031528244051963195,-2.04232283464566,0.025125628140720835,-47.36476677397021,-69.63350785340309,45.80372870565863,0.27164854745145295,0.9338375939404447,0.8456324722690275,0.0353813052832896,0.8138137210387255,4,3148482.0500000017,-97033.32000000076,0,0,0,0,0,0,0,0,0,0,0,0,0,0,0,0,0,0,0,0,0,0,0,0,0,0,0,0,0,0,0,0,0,0,0,0,0,0,0,0,0,0,0,0,0,0,0,0,0,0,0,0,0,0,0,0,0,0,0,0,0,-0.10136842105263026,0.3621603223117528,-5.7882110400274716,0.7874112928108365,0.39232281226526466,0.0,0.0,0.0,0.0,1.0,0.0,0.0,0.0,0.0,-0.008961911874532996,0.036843415484191365,-0.24324324324307783,0.020413243714214085,0.5540540540536784,0.007468259895444281,0.20270270270256807,-0.0219068956933028,-0.5945945945941882,0.07219291635267511,-0.0027631248430044497,0.3,0.12797619047617137,17.0,18.0,-1.0,0.6753184860028847,0.7482088571033829,8.0,12.0,-4.0,32.2598,30.111499999999996,2.1483000000000025,75052.00200000001,26709.639528902127,95027.03024206492,0.0,35.714285714285715,-35.714285714285715,38.209244480315384,0.04020988494560608,-1.0,1.2918648821802297,-0.2432432432432422,-2.077155946764044,-0.8567948717948326,-798042.0289679349,-19986.127902752487,7.55344531961316,0.0,57.27805865614037,0.0,机械基件,5.8942,9.6725,-7.2292,252.6598,278.6135,311.4554,5.536,-0.6053,0.0,0,0.5618386903573613,1.973872668932437,0.04531462906587436,0.01668004617253671,,,,,,,,,,,,,,,,,,,,,,4e-06,8e-06,9e-08,0.7021,-0.754,0.267,1.325,0.0,,,,,,,,,,,,,,,,,,,,,,,,,,,,,,,,,,3,0.028091934517868067,0.04032756996719766,0.08863057425826293,83.9252169245909,1.6284283303684024,2.9878540545073093,4.222050893303553,0.6965711617876981,0.8848182376092837,88.5866471159546,93.0475968156415,,,,,,,,,,,,,,,假涨,85,机构零参与且温和退出，高概率下跌信号
920662.BJ,20250918,-2.0,-5.0,,-3.0,-9.029467423628017,-9.029467423628017,-17.788591511219252,-21.600432549337665,-15.112192484455267,-21.600432549337665,-30.90024330900244,-30.90024330900244,323847.4574,108.6416,133.131,7.143,-5.0,8.0,5.0,0.0,0.026644462947543968,0.03686054660126148,0.01658582166462841,0.14981116240033598,0.3101689512272874,-0.0097975897654351,0.13105173994808905,0.34325540915042296,0.5602494281739117,-0.2169940190234887,56.818035881822816,53.476320735567654,54.38239631773825,38.19965709046172,35.57173109280395,43.45550908577725,0.5796101236887471,0.20833809691684585,0.07190066066689293,0.026644462947543968,0.03686054660126148,0.01658582166462841,10.31911720847003,-7.640449438202235,72.18335519603596,-49.68071519795655,51.500990896257235,-0.03770006715976271,1.182604206431841,1.2698789252171048,0.08476485497043082,1.2504578290813224,1,2473575.540000001,-131878.72999999998,0,0,0,0,0,0,0,0,0,0,0,0,0,0,0,0,0,0,100,0,0,0,0,0,0,0,0,0,0,0,0,0,0,0,0,0,0,0,0,0,0,0,0,0,0,0,0,0,0,0,0,0,0,0,0,0,0,0,0,0,0,-0.17214285714285715,0.2685059738816337,-9.767330998794524,0.5345563139931514,0.4946960203549201,0.0,0.0,0.0,0.0,0.0,0.0,0.0,0.0,0.0,0.04491525423728696,0.08502824858756816,0.5282392026576332,0.025423728813558564,0.2990033222590366,0.014689265536722637,0.17275747508299788,0.034180790960451034,0.40199335548159454,0.03476615301432817,-0.0597458772641255,0.7,0.5414710485132174,19.0,10.0,9.0,0.6598272120690785,0.715908875268735,8.0,12.0,-4.0,29.598700000000004,35.95009999999999,-6.3513999999999875,44003.9195,17678.59502902719,51053.02286092118,64.28571428571429,28.571428571428573,35.714285714285715,36.52500847904659,0.012570735900335195,1.0,6.952641471135293,0.5282392026578088,-6.301473609851671,-2.3787820512820446,-1362851.5044352259,-28557.968914147234,7.190066066689294,100.0,50.75678687297674,1.0,机械基件,-14.0541,1.2703,-21.973,206.6988,170.7179,162.2696,5.3361,0.0848,0.0,0,-0.21952361791808706,0.9112146639100541,0.14380733587425487,0.024958138114649753,,,,,,,,,,,,,,,,,,,,,,6e-06,1.1e-05,1.9e-07,0.5218,-7.002,0.268,2.589,1e-06,,,,,,,,,,,,,,,,,,,,,,,,,,,,,,,,,,3,-0.010976180895904353,0.04898240933566855,0.13991059345872547,50.12090490605237,1.111349164583881,1.711564002977152,4.917852402090417,0.6519476763666434,0.7932551224777696,82.4417426879511,84.96846862588143,,,,,,,,,,,,,,,假涨,85,机构零持仓且无流入，矛盾信号更可能为顶部派发
300499.SZ,20250902,10.0,12.0,-10.0,-6.0,-3.245856353591164,-7.241032517599722,12.292817679558018,-10.808461315560699,0.414364640883969,-17.56012749927557,-6.422651933701655,-21.47203709069834,883999.8413,,,6.4314,-5.0,-12.0,-10.0,0.0,-0.08493427704752277,-0.09694720758364783,0.02249055537902067,0.34757218305763016,0.44646915347923466,0.11739575609928354,0.31793117889299904,2.9978560074597986,3.215636688299475,-0.2177806808396765,35.89359562906618,56.56497779941711,61.94146278320568,32.38337225871939,47.85504866944472,1.440019437268731,0.5333404297647348,0.6745730495294936,0.07705754177211935,-0.08493427704752277,-0.09694720758364783,0.02249055537902067,-12.242424242424244,41.19941491955144,-33.302836230558185,-57.00483091787439,51.97089015050086,2.2655297099397176,0.9286053339016284,0.8713424416197983,0.10680824484697057,0.9073760091498364,3,21322601.07999999,1058092.9100000001,0,0,0,0,0,0,0,0,0,-100,0,-100,0,0,0,0,0,0,0,0,0,0,0,0,0,0,0,0,0,0,0,0,0,0,0,0,0,0,-100,-100,0,0,0,0,0,0,0,0,0,0,0,0,0,0,0,0,0,0,0,0,0,0.6962857142857136,0.2763864962489585,34.84894338466854,0.7364066193852993,0.6782165213958075,0.0,0.0,0.0,0.0,0.0,0.0,0.0,0.0,0.0,-0.09612983770286836,0.10674157303370448,-0.900584795321374,0.005617977528089704,0.05263157894735298,0.004993757802746415,0.046783625730980535,-0.09675405742821164,-0.9064327485377465,0.12030386740331478,-0.21954419889502763,0.45,0.6465927099841009,6.0,18.0,-12.0,0.44713354368553565,0.1393116679808335,10.0,10.0,0.0,59.0665,21.1659,37.9006,769199.0175,190960.1962459256,811729.4746337164,28.571428571428573,0.0,28.571428571428573,31.86344208200358,-0.10025697796973339,-1.0,13.129955598834211,-0.9005847953216374,21.62716366502219,5.69942307692304,-5913485.857364594,-216092.34139453992,7.705754177211935,0.0,3.552713678800501e-14,1.0,专用机械,5.9487,23.7265,-7.5556,1941.0027,2288.3467,2218.3536,7.5715,0.9373,0.0,0,0.17005832560375023,1.800284761835708,0.13136314166297614,0.010151264881311572,0.916662,-0.015958400000000025,-0.5309398000000002,-0.36976410000000015,-0.9007039000000002,-0.8226194,-0.38643600000000017,-1.2090554,0.0,3.0,-2.0,0.4105279215511336,-1.4087714152389023e-08,-0.29697230000000013,-0.04424810000000003,-0.0,2.0,0.016666666666666666,0.8317447631975179,0.0,0.0,1e-06,1e-06,2e-08,0.1749,-0.552,0.452,0.45,0.0,-0.18014078000000006,-0.06045277000000001,-0.11968801000000004,-1.0,11.0,-1.9476422299596914,-0.051486678186815335,-0.02335377547642476,-4.030024312600486,-18.603664560236872,0.7393743905306711,0.9363149427801165,-0.8432173483122298,0.1385933482229229,-0.10558910000000002,0.0,0.016666666666666666,0.7393743905306713,0.7677558731787697,0.7977799103206102,0.7150501676033394,0.9256296771834246,0.052705705575430306,0.02432422292733194,0.0013679398397622444,0.08272974271727085,-0.027013542808336122,-0.6879508000000002,-0.04424809999999992,-0.29697230000000013,0.0,-0.29697230000000013,0.0,0,0.008502916280187511,0.09431088474332583,0.16168279665862118,76.81778567644697,1.1699276953411748,3.1758985497748835,16.470262581937916,0.6696331691366952,0.5276163846936123,100.0,71.34914958867984,2026-04-30,56.46447231,82.4,0.281732,-0.09148792872460154,23.0,3320.0,38.45,193.79,8.26,65113.0,0.8184907010014306,1256.0,0.8572961373390557,假涨,85,机构温和退出，主力净流出，死叉状态，矛盾信号更似顶部派发
603051.SH,20250911,10.0,-10.0,-5.0,0.0,-7.786885245901638,-8.233979135618483,-21.758569299552903,-21.758569299552903,-19.448584202682557,-21.758569299552903,-13.673621460506698,-21.758569299552903,391776.515,231.3326,1971.7273,2.6204,-5.0,8.0,0.0,0.0,0.03389830508474567,0.09542078197698145,0.19161782987036036,0.04873109008381271,0.06326155349485174,0.15254839282543053,-0.11990987060179592,0.5484879598058754,-0.24869422428155985,0.7971821840874352,74.16195542941365,64.03816038293772,57.64182476952373,75.42000445655658,73.5462259385781,79.16756149251356,0.9308697259312709,0.4447233545039713,0.06263589450469853,0.03389830508474567,0.09542078197698145,0.19161782987036036,33.932135728542924,34.73895582329316,93.33599228902855,-15.217391304347844,73.00154003491221,0.17389322666163665,0.9773453570696307,2.082485756403127,0.10966755827283138,2.2309767739359136,1,1612356.0999999985,324703.8899999999,0,0,0,0,100,0,0,0,0,0,0,0,0,0,0,0,0,0,0,0,0,0,0,0,0,0,0,0,0,0,0,0,0,0,0,0,0,0,0,0,0,0,0,0,0,0,0,0,0,0,0,0,0,0,0,0,0,0,0,0,0,0.37685714285714156,-0.12165684912475766,20.649276058058437,0.7688888888888032,0.1970935266305326,1.0,0.0,0.0,0.0,1.0,0.0,0.0,0.0,0.0,0.050489236790604644,0.11232876712328319,0.4494773519162198,0.040704500978471954,0.3623693379789678,0.021135029354206577,0.18815331010446393,0.030919765166339267,0.2752613240417159,-0.055365126676602094,-0.2416542473919523,1.0,0.9999999999998529,0.0,10.0,-10.0,0.8415228052880664,-0.06468878665436763,13.0,7.0,6.0,45.005,13.5392,31.4658,147812.2955,140007.15609243844,172344.7531090326,64.28571428571429,28.571428571428573,35.714285714285715,23.610056926774128,0.12034065101437227,1.0,28.07632076587546,0.4494773519163764,6.3402461061871485,1.4169230769230943,-359083.152264916,160824.18075779034,6.263589450469853,76.69745388267415,40.52516142169983,1.0,塑料,-11.3593,2.234,-20.5604,826.1808,818.2113,361.6901,6.718,2.5525,0.0,7,0.1855743537035659,1.9735909282253583,0.14671660032636424,0.017967151194928643,-0.052346900000000154,0.017148999999999973,0.028173899999999998,0.007024099999999992,0.035197999999999986,-0.04991709999999999,0.03946540000000001,-0.010451699999999998,2.0,0.0,2.0,0.19955963407011748,8.700912309931534e-09,-0.009612199999999994,-0.028273000000000024,0.03519800000000002,2.0,0.9833333333333333,1.0451262137814312,0.0,0.0,1e-06,3e-06,4e-08,0.1858,-13.189,0.596,0.0,-1e-06,0.007039600000000004,-0.0005225849999999966,0.007562185000000001,1.0,1.0,4.966675095314887,0.000659899489463048,0.001016998806511018,0.5371145830798373,5.690975081146931,0.24785267418309237,2.0828419556720204,-0.47255127821779236,-0.15373161753417883,0.016269199999999994,2.0,0.9833333333333333,0.24785267418309237,0.2978158981614217,0.2769848199248085,0.24041438955179484,0.8916050676800751,0.05740150860962684,0.0074382846312975315,0.03216207496981105,0.03657043037301366,-0.017801149008518258,-0.009612199999999994,-0.040606899999999994,0.0,-0.02295260000000002,0.0,-0.0,0,0.04188114661150322,0.08978963939894213,0.1834305207528315,61.87642317309975,0.9041518059480942,2.56210106344624,1.326935209442557,0.7843338307442427,0.756415851611719,81.3051690378334,93.54635520521131,2026-04-30,52.99516398,64.4,0.2455044,0.6653851865607434,-1251.0,4227.0,23.42,47.34,5.86,19534.0,0.42221030042918456,324.0,0.4680793991416309,假涨,75,机构温和退出，主力流入微弱，市场关注度低
920509.BJ,20250917,10.0,0.0,,8.0,2.1851289833080387,-6.0818713450292545,11.138088012139589,-23.341009001465366,16.60091047040971,-23.341009001465366,15.326251896813345,-23.424743562905597,528207.2683,104.7254,86.753,16.0007,-5.0,8.0,0.0,0.0,-0.010034851580338788,0.005032789385389647,0.03930103456977063,0.1830318407305236,0.20404515321581163,0.04983598284128199,0.138295644264659,1.5023760938225053,1.5348005464605738,-0.03242445263806859,53.227040434550375,56.36330741121266,56.82527102427164,45.330848220848786,42.7455779699336,50.50138872267915,0.6706332210501653,0.23032463624546065,0.07533695930019613,-0.010034851580338788,0.005032789385389647,0.03930103456977063,-5.207134637514366,15.53295932678822,77.29880161299509,-58.69767441860462,50.27786050384167,0.8505091234446427,1.339742804387672,1.047370430347393,0.10446428571428565,1.1392322822482523,3,2624470.299999998,344269.60999999987,0,0,0,0,0,0,0,0,0,0,0,-100,0,0,0,0,0,0,0,0,0,0,0,0,0,0,0,0,0,0,0,0,0,0,0,0,0,0,0,0,0,0,0,0,0,0,0,0,0,0,0,0,0,0,0,0,0,0,0,0,0,0.2149624060150365,0.1404298416226739,12.131821346467005,0.8252895752894961,0.5863051883857459,0.0,0.0,0.0,1.0,0.0,0.0,0.0,0.0,0.0,-0.05884033133390278,0.10025706940873744,-0.5868945868944186,0.04084547272207823,0.4074074074072915,0.0005712653527564283,0.005698005698004969,-0.09911453870322458,-0.9886039886037051,0.003945371775417428,-0.07490136570561468,0.8,0.7472067039105107,10.0,19.0,-9.0,0.3966099341961389,0.7745929053621654,11.0,9.0,2.0,58.6177,40.35039999999999,18.267300000000006,87054.6345,38737.36548877616,111016.5523497055,28.571428571428573,14.285714285714286,14.285714285714286,29.72351256184719,0.0979207113248168,-1.0,12.726614822425322,-0.5868945868945858,7.09221638035965,2.17384615384616,-871836.0944526142,-41845.28778069012,7.533695930019613,0.0,28.274626271373645,1.0,电器仪表,-8.1952,70.3499,-10.4359,300.433,226.8898,278.7317,5.7085,1.1,0.0,11,1.6232809667526873,1.1300129630267568,0.14150464552128184,0.013603936948011208,,,,,,,,,,,,,,,,,,,,,,6e-06,1.1e-05,1.4e-07,0.795,-3.794,0.463,1.92,2e-06,,,,,,,,,,,,,,,,,,,,,,,,,,,,,,,,,,0,0.02376860366764455,0.06546331413588069,0.14922716012595738,58.10238502117549,0.8532024426391814,3.5090169183368807,10.730033649745927,0.7031874124106878,0.7555739463883692,100.0,87.09747071538132,,,,,,,,,,,,,,,假涨,85,机构零持仓且无流入，高卖出概率预示派发
002195.SZ,20250917,10.0,0.0,-10.0,8.0,-9.872241579558649,-11.033681765389074,-15.098722415795585,-18.69918699186991,-10.22067363530777,-18.69918699186991,-17.65389082462253,-18.69918699186991,4882347.5933,1504.0319,779.9515,4.9481,-5.0,-12.0,-5.0,0.0,0.019900497512437942,0.04668125455871608,0.08973547652195912,0.3370949373641161,0.4532463148419037,0.06847234527275003,0.22699037167408642,0.5659904193962468,0.5724348076012207,-0.006444388204973839,61.915586598744945,63.510216096365326,64.1388392194459,72.46200255250022,61.39648017476072,94.59304730797923,0.7108045184826904,0.4256809918869367,0.05893178369300658,0.019900497512437942,0.04668125455871608,0.08973547652195912,-4.545454545454552,32.87037037037035,78.29591249280423,-38.88888888888895,66.23442232785823,1.2849141139733788,0.8501667564753791,0.7451291045438192,0.030612244897959134,0.7936919699009127,4,244229898.7000002,80141469.58000004,0,0,0,0,0,0,0,0,0,0,0,0,0,0,0,0,0,0,0,0,0,0,0,0,0,-100,0,0,0,0,0,0,0,0,0,0,0,0,0,0,0,0,0,0,0,0,0,0,0,0,-100,0,0,0,0,0,0,0,0,0,0,0.10048120300751837,0.05785495971103095,5.737889757115798,0.8864265927975383,0.6988963572512336,0.0,0.0,0.0,0.0,0.0,0.0,0.0,0.0,0.0,-0.01261467889908126,0.030963302752289975,-0.40740740740590364,0.011467889908255523,0.37037037036899795,0.006880733944953192,0.22222222222139482,-0.01720183486238359,-0.5555555555535068,-0.0055749128919858615,-0.16538908246225303,0.85,0.8509090909087814,10.0,19.0,-9.0,0.7184208594677914,0.6130817502633168,13.0,7.0,6.0,61.7874,30.2564,31.531,10099734.575,4391259.722365213,12139002.945641147,14.285714285714286,0.0,14.285714285714286,8.238567430747173,0.04313967122564268,-1.0,27.020432192730638,-0.40740740740741255,10.554416538527246,0.7919871794871787,-74393606.61126338,1662525.8904277384,5.893178369300657,43.49991461913367,81.1666382063778,1.0,软件服务,-6.0465,1.6279,-18.7209,6479.5469,7511.7046,8238.3453,8.7766,0.6506,0.0,11,1.6232809667526873,1.1300129630267568,0.14150464552128184,0.013603936948011208,0.47377670000000016,0.36989120000000064,-0.5660850000000003,-0.2775827,-0.8436677000000006,-4.4571113,0.38346220000000003,-4.073649099999999,0.0,4.0,-2.0,0.329018996460336,1.3272123098710783e-09,-0.0,0.0649335000000005,-0.0,-2.0,0.2,0.94294934686538,0.0,0.0,0.0,0.0,0.0,0.618,-8.595,0.827,2.2,-0.0,-0.16873354000000007,-0.20368245500000004,0.03494891499999997,1.0,2.0,0.17074699929703288,-0.0491743236220705,0.008997928866589414,-0.89402288618305,2.9957692718718576,0.6216967512170906,0.843229645127211,-0.5138221347657604,0.21370157951042468,0.6827200800000002,0.0,0.2,0.6216967512170906,0.6351144021671882,0.7131341275589966,0.665691466453857,0.8705602032241911,-0.030577064286668842,-0.04399471523676646,-0.05633414094885225,0.047442661105139616,-0.06975179189894987,-0.47808850000000025,0.06493350000000006,-0.0,0.0,-0.0,0.0,0,0.02376860366764455,0.06546331413588069,0.14922716012595738,58.10238502117549,0.8532024426391814,0.9027083232361732,5.385209173813947,0.6839926974728204,0.6423155299117477,74.34131939790345,79.06277383741767,2026-04-30,52.48587556,70.4,0.2636768,-0.2419756565018806,-330.0,4359.0,8.61,579.42,2.98,118095.0,0.9177396280400573,2412.0,0.9365164520743919,假涨,75,机构温和退出，主力净流出，市场关注虚高
920122.BJ,20250520,-2.0,0.0,,8.0,-6.911764705882351,-8.487394957983192,-8.781512605042016,-8.781512605042016,-8.71848739495798,-10.84033613445379,-4.34873949579832,-11.86974789915966,439072.4341,149.622,148.3846,12.8474,-5.0,8.0,5.0,0.0,0.023127847992433948,0.016333938294010864,0.03978942079797276,-0.02078433254932066,-0.07304478498436417,0.01628493725220359,-0.0582557892354848,-0.15303627033283362,-0.48628069837974497,0.33324442804691135,59.32200531681124,52.77744054568762,50.2241534395926,26.92378934983739,28.571551638047197,23.62826477341777,0.7582808215640564,0.1540548793248425,0.048357289001314946,0.023127847992433948,0.016333938294010864,0.03978942079797276,6.798294817141581,3.8847664775207402,52.57651914511051,-48.16472694717993,64.57549740085679,-0.06388430639391318,1.2525506758728322,1.2831154962540778,0.038239692373424464,1.2909954274031623,1,1345800.6299999994,68529.30000000005,0,0,0,0,0,0,0,0,0,0,0,0,0,0,0,0,0,0,0,0,0,0,0,0,0,0,0,0,0,0,0,0,0,0,0,0,0,0,0,0,0,0,0,0,0,0,0,0,0,0,0,0,0,0,0,0,0,0,0,0,0,0.11354135338346347,-0.13088357877187848,6.477699348495297,0.571019473081296,-0.3994546263696508,0.0,0.0,0.0,0.0,0.0,0.0,0.0,0.0,0.0,0.01709401709401682,0.03824786324786241,0.44692737430142887,0.008547008547008334,0.22346368715071244,0.012606837606837258,0.32960893854729995,0.021153846153845746,0.5530726256980164,-0.013067226890756345,-0.06605042016806739,0.95,0.6777920410782188,6.0,12.0,-6.0,0.8066461302747766,0.70013901872288,12.0,8.0,4.0,24.194400000000005,19.610599999999994,4.583800000000011,11709.133,6965.793300272922,15255.280025772954,57.142857142857146,14.285714285714286,42.85714285714286,47.65025081393695,-0.001055689368423259,1.0,5.554881091375245,0.44692737430167856,0.27862609182872555,0.12878205128205167,-869691.4847434777,-8760.863191975048,4.835728900131494,99.99999999999999,59.415010544997074,1.0,综合类,-6.3182,0.6927,-9.6138,71.515,56.071,54.5682,4.2838,-0.0596,0.0,3,0.4457132897523941,-0.32020300320612144,0.03978880504711646,0.0008670050845971389,,,,,,,,,,,,,,,,,,,,,,1.4e-05,2.6e-05,3.6e-07,0.6619,-5.084,0.18,1.198,2e-06,,,,,,,,,,,,,,,,,,,,,,,,,,,,,,,,,,3,0.0004902136921047795,0.03338882673863153,-0.010656927637456293,69.19411642842351,0.8065548384383388,1.4637774437782425,1.7081751805250462,0.6046310752140366,0.6476856306654031,71.52752487943755,72.7544246768555,,,,,,,,,,,,,,,假涨,85,机构无持仓且温和退出，无资金支撑
300465.SZ,20250829,10.0,-10.0,10.0,8.0,7.344150298889833,-13.91459074733096,-1.5798462852263064,-17.97153024911032,-7.856532877882167,-23.84341637010677,-4.184457728437234,-26.476868327402137,1039260.9941,331.4282,284.2545,15.6514,-5.0,8.0,5.0,0.0,0.08546533185020389,0.18630331273427214,0.32081324197050454,0.42320352458601307,0.49641390987652345,0.2168175281279079,0.0775206360459817,1.5876943907695953,0.9669786949512573,0.620715695818338,84.60793435293415,80.24519822044797,74.48534953632512,78.86653706923352,78.12369528421935,80.35222063926184,1.0621590764525821,0.570680534049094,0.05506553574826624,0.08546533185020389,0.18630331273427214,0.32081324197050454,40.23952095808385,53.07189542483661,127.52943113525973,-9.534619750283763,88.57423109489221,1.2091100262427323,1.211607313598181,2.1659916224342157,0.16024436090225563,2.542284153612183,1,21749705.55999999,4958398.789999995,0,0,100,0,0,0,0,0,0,0,0,0,0,0,0,0,0,0,0,0,0,0,0,0,0,0,0,0,-100,0,0,0,0,0,0,0,0,0,0,0,0,0,0,0,0,0,0,0,0,0,0,0,0,0,0,0,0,0,0,0,0,0.402413533834588,0.06576743539872174,21.920521650768556,0.9999999999998925,0.32245849487321154,1.0,1.0,0.0,0.0,0.0,1.0,1.0,0.0,0.0,0.09541627689428941,0.15949485500466984,0.5982404692080364,0.03928905519176617,0.24633431085036758,0.02478952291861426,0.15542521994130268,0.0809167446211375,0.5073313782989716,-0.12314261315115282,-0.33654995730145176,1.0,0.9999999999998784,0.0,15.0,-15.0,0.8883947836619444,0.38882605245227103,14.0,6.0,8.0,55.149100000000004,10.6618,44.487300000000005,515711.0205,393885.19059959217,823787.1691615549,100.0,0.0,100.0,19.98533114339623,0.14665537389426236,1.0,60.49039644089594,0.598240469208212,11.20555208983153,1.9344230769230712,3329394.7226951895,441765.9562238557,5.506553574826624,70.3200421487957,32.139863181417276,1.0,软件服务,-4.3044,10.6841,-12.99,2616.0743,2001.4482,1000.7142,7.8698,3.003,1.0,0,0.542530835998174,1.9469360365204154,0.13537389520509113,0.02474446846760281,-0.2390109000000001,-0.1876395999999999,0.06660760000000007,0.3600427999999999,0.4266503999999999,0.12477910000000023,0.6321485999999998,0.7569277000000001,1.0,0.0,2.0,0.8438824855197604,-5.179808076520016e-09,-0.043397999999999895,-0.4256268999999999,0.4266504000000001,2.0,1.0,1.1039364761511505,0.0,0.0,1e-06,1e-06,3e-08,0.876,-14.603,0.905,0.0,-0.0,0.08533008000000002,0.037846385,0.04748369500000001,1.0,1.0,1.2223452709949718,0.03159641140860299,0.014249553989360224,3.3431312685258394,24.705632446719477,0.777711250164239,2.1478168401505946,0.7890908648085602,0.4890976378919666,0.04421082000000001,1.0,1.0,0.777711250164239,0.7291082365684783,0.6833133708879693,0.5520908576900462,1.1364840776895475,0.17701737887843216,0.22562039247419285,0.08149584681497879,0.1312225131979231,0.13009886041073948,0.0010235000000000868,-0.4256268999999999,0.0,-0.46652730000000003,0.0,-0.34170129999999993,2,0.0271265417999087,0.10896119045211639,0.16075973546585165,82.3158621880667,1.432807511196142,3.3170305265141553,10.719620513683541,0.7940239961323817,0.7884633016693418,100.0,95.36723304939441,2026-04-30,52.95376455,70.0,0.1710444,0.3009298511605161,-105.0,4222.0,14.22,-111.08,1.84,54830.0,0.7734263233190272,638.0,0.7064556509298998,假涨,85,机构趋势温和退出，主力成本偏离低，市场过热风险高
300978.SZ,20251225,10.0,6.0,-10.0,8.0,-5.8779761904761845,-7.217261904761897,-5.580357142857143,-7.886904761904753,-6.770833333333334,-10.119047619047615,-11.309523809523807,-11.309523809523807,568112.4812,37.7659,39.0025,3.4519,-5.0,-12.0,-10.0,0.0,-0.03420523138833009,0.006515389800044957,0.04750399438837127,0.12066928860291548,0.14424366260136656,0.0846030941896263,0.06984726989729984,0.4858595338301548,0.39992593296775614,0.08593360086239865,52.0866822872907,56.61944373651077,57.005568996690194,47.41935483870976,61.28958186389525,19.67890078833878,0.700889477833429,0.23646830536221358,0.05481568210959371,-0.03420523138833009,0.006515389800044957,0.04750399438837127,7.434052757793763,11.258278145695355,39.30425752855615,-51.20481927710846,63.85753528958185,0.5909532791025685,0.5488479178975171,0.820824502058454,0.03301540719002195,0.8362682991905697,4,7185089.729999998,2254852.879999999,0,0,0,0,0,0,0,0,0,0,0,0,0,0,0,100,0,100,0,0,0,0,0,100,-100,0,0,0,0,0,0,0,0,0,0,0,0,100,0,0,0,0,0,0,0,0,100,0,0,0,0,-100,0,0,100,0,0,0,0,0,0,0.09890977443609132,0.03817699360933632,5.648739629885194,0.6498800959231054,0.6093122688247489,0.0,0.0,0.0,0.0,0.0,0.0,0.0,0.0,0.0,-0.004444444444444152,0.033333333333330814,-0.13333333333303837,0.005925925925925492,0.17777777777738316,0.022962962962961166,0.6888888888873563,0.012592592592591522,0.3777777777769348,0.00029761904761893554,-0.09002976190476186,0.8,0.518151815181347,3.0,12.0,-9.0,0.849796025176747,0.5658608123768499,12.0,8.0,4.0,35.8303,23.6909,12.139400000000002,265880.355,142472.7428728976,337900.8593401286,78.57142857142857,0.0,78.57142857142857,12.67474377147302,0.05693870747968174,1.0,13.238887473021538,-0.13333333333333464,4.839774851662152,0.6107051282051223,2003525.7546969966,188265.99551576818,5.481568210959371,0.0,2.291655579911378,1.0,汽车配件,-2.3256,2.7757,-8.027,293.3161,558.6364,350.0887,5.6847,0.5622,0.0,4,1.3845598104791579,-1.1389744015492134,0.04047364661434405,0.037935889561123926,0.07941390000000004,0.044791,-0.09461950000000001,-0.029585300000000005,-0.12420480000000003,-0.05092050000000003,-0.053365800000000005,-0.10428630000000003,0.0,4.0,-2.0,0.23819771860668829,1.159955583239476e-08,-0.07547550000000001,0.033049900000000014,-0.0,-2.0,0.016666666666666666,0.8754287237624365,0.0,8.54169093889978,1e-06,2e-06,8e-08,0.6359,-2.902,1.091,0.306,-0.0,-0.02484096000000001,-0.005214315,-0.01962664500000001,-1.0,3.0,-3.1582958057324113,-0.0053236052613095525,-0.003034723073279557,-2.8048303323126844,0.176081149349109,0.5115973254832163,1.676063641596215,-0.406956723802779,-0.34664244799858246,-0.03723196000000001,0.0,0.016666666666666666,0.5115973254832163,0.48128597084957386,0.44127452967710706,0.38178974577158625,1.1567415511282553,0.09949622507798761,0.1298075797116301,0.05922246551589655,0.05948478390552081,0.08953382014953903,-0.08786420000000002,0.03634060000000003,-0.07547550000000001,0.033049900000000014,-0.07547550000000001,0.0,3,0.019713186859046772,0.028156973911502847,0.016747443644096638,56.935807902037716,0.8238188658332937,1.217165666525379,4.809501837112324,0.6432821068932901,0.5691298108937797,76.49952551336358,71.51194513279954,2026-04-30,54.97822119,60.4,0.1326392,-0.402021357412902,-1366.0,3745.0,10.89,36.01,0.75,7385.0,0.20708154506437768,228.0,0.324928469241774,假涨,75,机构温和退出，主力净流出，市场关注度低
920675.BJ,20250520,0.0,-10.0,,0.0,-3.775038520801234,-10.40061633281972,0.38520801232664814,-10.40061633281972,-0.30816640986133226,-10.40061633281972,-2.080123266563941,-12.21428571428572,223468.872,44.0605,45.9942,3.5727,-5.0,-12.0,-5.0,0.0,0.0420680796403341,0.06524415264669692,0.10623428644479493,0.1621278818175036,0.24480531935298266,0.061575829888780076,0.05052600164142351,0.3808909096986106,0.27619786437886923,0.10469304531974138,77.49796761813317,63.71624543120087,59.33751377740934,84.23754658543491,83.70697050081878,85.29869875466716,1.01946681665961,0.2045063958616742,0.04926076756658876,0.0420680796403341,0.06524415264669692,0.10623428644479493,9.721048182586657,9.167367535744319,141.45222421703602,-3.0651340996168597,79.50736856538461,0.3998012199705414,1.3026369831998494,1.530597147018845,0.05338645418326692,1.6641606603713113,1,1368857.940000001,119038.34000000032,0,0,0,0,100,0,0,0,0,0,0,0,0,0,0,0,0,0,0,0,0,0,0,0,0,0,0,0,0,0,0,0,0,0,0,0,0,0,100,0,0,0,0,0,0,0,0,0,0,0,0,0,0,0,0,0,0,0,0,0,0,0.07454887218045167,0.031830230619616214,4.263449325804635,0.9061135371177061,-0.17373664344875994,1.0,0.0,0.0,0.0,0.0,0.0,0.0,0.0,0.0,0.038399999999996964,0.05359999999999571,0.7164179104466927,0.006399999999999494,0.11940298507444877,0.008799999999999251,0.16417910447736608,0.04079999999999672,0.7611940298496099,-0.06117103235747312,-0.1377503852080123,1.0,0.9999999999995884,0.0,13.0,-13.0,0.5578546794672755,0.35269836530635557,11.0,8.0,3.0,28.088900000000002,18.5562,9.532700000000002,26199.7875,6654.588659321914,27163.83293044656,100.0,14.285714285714286,85.71428571428572,11.42059094937008,0.12013937215946072,-1.0,27.432490862401732,0.7164179104477619,2.081775523694918,0.24628205128204606,268686.3257798697,19687.025225367368,4.926076756658876,100.00000000000001,94.0964419607704,1.0,矿物制品,-5.3788,16.3636,-12.2727,52.0515,38.4966,30.9586,3.9713,0.2857,1.0,3,0.4457132897523941,-0.32020300320612144,0.03978880504711646,0.0008670050845971389,,,,,,,,,,,,,,,,,,,,,,5e-06,1.5e-05,6.2e-07,0.182,-10.786,0.229,0.0,-5e-06,,,,,,,,,,,,,,,,,,,,,,,,,,,,,,,,,,3,0.0004902136921047795,0.03338882673863153,-0.010656927637456293,69.19411642842351,0.8065548384383388,1.9259415935544748,-0.8055902346386327,0.7122032174157442,0.7725002727082084,70.50522484496344,88.81051088549053,,,,,,,,,,,,,,,假涨,85,机构零持仓且无流入，高概率下跌信号
603022.SH,20250625,10.0,-10.0,10.0,8.0,-14.170692431561996,-22.327964860907766,-17.954911433172306,-25.402635431918014,-15.780998389694034,-25.402635431918014,-12.479871175523355,-25.402635431918014,248400.0,49.8349,49.4996,3.1269,-5.0,8.0,10.0,3.0,0.19930475086906152,0.28824810704283776,0.3329040566645203,0.4250200787853293,0.5080593752845826,0.11139729555698641,0.06910926683749574,0.5395532110527856,0.23138700887553937,0.3081662021772463,90.90522306288298,83.04474631107257,77.42580034628304,99.99999999999993,89.12783751493436,121.74432497013106,1.3353131738591475,0.3985380179346412,0.03791353989433034,0.19930475086906152,0.28824810704283776,0.3329040566645203,37.23756906077347,39.550561797752806,247.49561572351254,-0.0,58.1303550961526,0.46750050716739544,0.769599573163924,1.022395530648747,0.0,1.344582573672984,2,1442388.5899999996,98525.09000000008,0,0,0,0,0,0,0,0,0,0,0,0,0,0,0,100,0,0,0,0,0,0,0,0,0,0,0,0,0,0,0,0,0,0,0,0,0,0,0,0,0,0,0,0,0,0,0,0,0,0,100,0,0,0,0,0,0,0,0,0,0,0.0913082706766913,0.030782995276465382,5.217111936298448,0.9999999999998117,0.47435119890140776,1.0,1.0,0.0,1.0,0.0,1.0,4.0,0.0,0.0,0.0,0.0,0.0,0.0,0.0,0.0,0.0,0.0,0.0,-0.24863123993558767,-0.28824476650563613,1.0,0.9999999999997462,0.0,4.0,-4.0,0.380576918088079,0.17231698822317126,10.0,9.0,1.0,50.660000000000004,14.235199999999999,36.424800000000005,42409.5555,16965.814732990682,55080.00829891803,100.0,71.42857142857143,28.571428571428573,9.703766288182948,0.21869836649088836,1.0,66.08949262214516,0.0,3.64483248391661,0.335576923076907,51968.09041586172,9408.609558823293,3.791353989433034,100.0,100.00000000000011,1.0,广告包装,-24.0849,10.0293,-25.4758,53.8523,58.6833,40.1015,4.0046,1.3592,0.0,0,0.43922920693579837,1.8887544896240853,0.037232617181198746,0.0057953828651835515,-0.031121599999999996,-0.0442302,-0.04982020000000001,0.12517190000000003,0.07535170000000002,-0.0519743,0.12105280000000002,0.06907850000000003,4.0,0.0,2.0,1.6611688920090721,-1.5487854670351871e-07,-0.0027869,-0.07813860000000002,0.07535170000000001,2.0,1.0,1.473023218732678,0.0,0.0,2e-06,5e-06,1.47e-06,0.8148,-32.206,1.287,0.0,-1e-06,0.015070340000000002,0.003453925000000001,0.011616415000000001,1.0,4.0,2.6081299078902314,0.004050916607519093,0.001784779197991551,3.798932450222976,11.249937091192116,2.0498603413000547,3.269696927471609,0.8254605278159084,-0.030980748582176074,0.015557960000000001,4.0,1.0,2.0498603413000542,0.7314962649412036,0.4573060893509654,0.24423338136766534,4.4726884257701744,0.4872628835735382,1.8056269599323889,0.39371538604070694,0.21307270798330005,1.7120794623995577,-0.0027869,-0.07813860000000002,0.0,-0.07813860000000002,0.0,-0.07813860000000002,3,0.02196146034678992,0.031429390008855584,0.010386899902024904,65.82288190848772,1.4170042717280789,0.9817986204033721,6.032223552164758,0.6847947869630235,0.850808628136894,76.87561796297128,90.97581339106034,2026-04-30,61.66405016,63.2,0.1549896,0.43863163149919054,1790.0,1903.0,11.3,45.69,4.04,19376.0,0.4189914163090129,209.0,0.28889484978540775,假涨,85,机构温和退出，主力净流入微弱，高概率下跌信号
300680.SZ,20251225,-2.0,-10.0,10.0,-6.0,3.2137518684603865,-1.849775784753367,6.352765321375184,-8.840486867392691,-4.334828101644246,-20.78795643818065,-16.218236173393123,-28.187059577194095,1218736.4495,54.3199,43.3662,6.1506,-5.0,8.0,10.0,5.0,0.08129949894941002,0.11219633839695775,0.11414118283822905,0.05543047772427734,0.12940183415251783,0.03037242125861317,-0.052695929401324615,0.42911523242111826,-0.23539724142337423,0.6645124738444925,81.64000140047135,64.93421241745101,57.60203204609557,79.22245742070304,67.93574398088793,101.79588430033323,1.2346607593743133,0.15536583570278087,0.05055911660787178,0.08129949894941002,0.11219633839695775,0.11414118283822905,14.603854389721626,16.72846237731733,230.7534334488515,-9.621289662231293,65.62895486056904,0.06146141294054441,1.6167642428797482,2.2470646483024117,0.09201596806387224,2.4307056830173193,1,6636239.820000001,1078945.4499999993,0,0,0,0,100,0,0,0,0,0,0,0,0,0,0,0,0,0,0,0,0,0,0,0,0,0,0,0,0,0,0,0,0,0,0,0,0,0,0,0,0,0,0,0,0,0,0,0,0,0,0,0,0,0,0,0,0,0,0,0,0,0.09572932330827374,-0.2319608224506821,5.468223039470826,0.4926437806508921,-0.6581957863921137,1.0,0.0,0.0,0.0,0.0,0.0,0.0,0.0,0.0,0.060011883541294136,0.09130520895226595,0.6572668112796842,0.01861754802931232,0.20390455531448892,0.012675777381659493,0.13882863340560994,0.05407011289364131,0.5921908893708052,-0.08180119581464873,-0.1314275037369208,1.0,0.9999999999998767,0.0,7.0,-7.0,0.8773871793464535,0.6772267802749813,12.0,8.0,4.0,35.386,18.879399999999997,16.506600000000006,126277.07450000002,52455.196077495915,146183.5386873561,100.0,57.142857142857146,42.85714285714286,48.74647311799263,0.08919145893137677,1.0,29.868424834902,0.6572668112798268,1.9554797501688548,0.9216025641026562,-1075627.8921303987,44795.479019681225,5.055911660787178,100.0,97.49667476107425,1.0,汽车配件,8.2694,18.7839,-3.1244,1518.6447,881.4183,614.9669,7.3262,3.4126,1.0,4,1.3845598104791579,-1.1389744015492134,0.04047364661434405,0.037935889561123926,-0.24619710000000014,-0.002376000000000097,0.1852843,0.06328889999999997,0.24857320000000002,0.29070280000000004,0.10048139999999993,0.3911842,6.0,0.0,2.0,0.2546087027885547,2.0082689551416687e-08,0.0,-0.17656529999999998,0.24857320000000005,2.0,0.9666666666666667,1.1715452608100352,0.0,0.0,2e-06,3e-06,3e-08,0.5944,-13.995,0.577,0.0,-0.0,0.04971464000000001,0.01955921,0.03015543000000001,1.0,2.0,1.4667601527490604,0.014811668632011644,0.011219692014741583,1.3979013532994862,8.775016955408248,0.5616196139536385,1.5253437869633208,-0.18491485547580916,0.18278869297554728,0.05435850000000001,4.0,0.9666666666666667,0.5616196139536386,0.5363309499239831,0.5312825614169445,0.5322362023750532,1.0551155620402035,0.004094747548929911,0.029383411578585372,0.039410317540273854,-0.0009536409581086813,0.06469898156992931,0.0,-0.2161046,0.0,-0.14543570000000003,0.0,-0.0,3,0.019713186859046772,0.028156973911502847,0.016747443644096638,56.935807902037716,0.8238188658332937,1.33663593906279,2.5369489460504235,0.671776989754499,0.7112694554153977,72.15392116076512,81.96263487056797,2026-04-30,62.52752541,70.4,0.3248192,0.23723932657958827,1557.0,1650.0,40.1,39.26,7.08,23973.0,0.49213161659513593,936.0,0.808744635193133,假涨,75,机构温和退出，主力流入不足，讨论热度高但关注度低，矛盾信号偏向派发。
000603.SZ,20250902,10.0,-10.0,-10.0,0.0,-4.747919725893289,-8.174253548702879,29.41752325012238,-10.392506690454958,14.194811551639738,-18.483577917540188,9.397944199706322,-22.921034241788966,1409607.3739,36.1405,37.327,4.6501,-5.0,8.0,0.0,0.0,0.13298580301685892,0.18065187239944525,0.23020413078822188,0.28467673475376487,0.35239051406947297,0.08580718973926671,0.04427932129494727,0.7568583241916507,0.38228585203908494,0.3745724721525657,88.7244892714211,80.09855244186687,73.53290884943254,87.04472188031177,69.49341707725343,122.14733148642844,1.3068026981790821,0.2853289054533153,0.036684230131384866,0.13298580301685892,0.18065187239944525,0.23020413078822188,28.087774294670844,28.329145728643223,240.55147571756484,-8.712121212121225,82.91421090137707,0.44737127917899855,2.207786135512189,3.6796916614183366,0.09869451697127941,4.245842361581369,1,9646116.06,2299890.2700000005,0,0,0,0,0,0,0,0,0,0,0,0,0,0,0,0,0,0,0,0,0,0,0,0,0,0,0,0,0,0,0,0,0,0,0,0,0,0,0,0,0,0,0,0,0,0,0,0,0,0,0,0,0,0,0,0,0,0,0,0,0,0.1521052631578942,0.03479160878021608,8.64869742583325,0.9999999999998255,-0.015202146026930485,1.0,1.0,0.0,1.0,0.0,0.0,0.0,0.0,0.0,0.021499999999998912,0.09449999999999531,0.2275132275131069,0.022999999999998893,0.24338624338611498,0.049999999999997505,0.529100529100249,0.048499999999997524,0.5132275132272409,-0.1656387665198238,-0.21967694566813512,1.0,0.9999999999997929,0.0,15.0,-15.0,0.8716007075119877,0.4508066008486321,12.0,7.0,5.0,35.362500000000004,9.3343,26.028200000000005,230980.63050000003,171700.25324424088,354917.9052502337,100.0,0.0,100.0,17.15276185420159,0.16041302720500492,1.0,60.197104883733765,0.2275132275132273,4.268989372525067,0.6993589743589723,-580022.0228166057,272722.5762796635,3.6684230131384865,100.00000000000001,89.37485046994631,1.0,铅锌,8.6139,35.1485,-8.9109,1736.4223,724.7736,400.8689,7.4602,5.9743,1.0,0,0.17005832560375023,1.800284761835708,0.13136314166297614,0.010151264881311572,-0.07660760000000003,0.04278790000000006,0.002597399999999965,0.0312224,0.03381979999999999,-0.11503870000000002,-0.09744690000000002,-0.21248560000000005,2.0,0.0,2.0,0.9231988361847205,2.0968295222935886e-08,-0.019052600000000034,-0.05287239999999997,0.033819799999999914,2.0,0.8666666666666667,1.0227298480424725,0.0,0.0,1e-06,2e-06,9e-08,0.6601,-20.411,0.971,0.0,-0.0,0.006763959999999983,-0.010624280000000003,0.017388239999999985,1.0,2.0,1.4958552271624548,0.004543862017237164,0.005409048643798243,1.636761704860964,14.769660168098376,0.7288461700064613,2.057163274167046,0.14524928687529054,-0.48145661587599703,0.02849109999999998,2.0,0.8666666666666667,0.7288461700064613,0.6762797605743499,0.6243866361141989,0.5737489195134872,1.1654329144848727,0.10253084106086274,0.15509725049297418,0.0554769975870637,0.0506377166007117,0.10804340701917514,-0.019052600000000034,-0.052872399999999986,0.0,-0.071229,0.0,-0.03920580000000004,0,0.008502916280187511,0.09431088474332583,0.16168279665862118,76.81778567644697,1.1699276953411748,2.5300059311515186,5.754564158678779,0.7530846989693998,0.6057209256539284,92.44105673711967,82.7412017505141,2026-04-30,54.8635023,72.0,0.290518,-0.6374509699212504,-1163.0,3773.0,36.48,79.25,3.06,50952.0,0.7510729613733905,1967.0,0.9186337625178826,假涨,85,机构温和退出，主力净流入弱，市场过热且排名暴跌
603499.SH,20250822,10.0,-10.0,0.0,-6.0,-5.522682445759373,-10.50295857988167,-11.489151873767266,-13.06706114398423,-15.28599605522683,-15.779092702169638,-11.932938856015788,-20.5621301775148,613661.4229,93.3598,47.4494,7.1587,-5.0,8.0,10.0,0.0,0.06255894372838755,0.1081967213114754,0.1815427639244931,0.19116610541154366,-0.0038681156750782764,0.11197855977627569,0.008144725507087669,0.7552018482140177,0.39347895715988546,0.36172289105413225,87.67438317497268,76.36317484070565,64.77238108530348,90.44099690277136,88.80705516657797,93.70888037515815,1.0749830707571608,0.3157358419012722,0.03593681142020586,0.06255894372838755,0.1081967213114754,0.1815427639244931,23.809523809523814,28.111181301326592,135.13941698352352,-3.319502074688798,83.42915025149301,0.6379458475503696,1.4217564533549454,1.9013941401463994,0.10315789473684216,2.093545267852356,1,4834052.130000005,1244229.480000001,0,0,0,0,0,0,0,0,0,0,0,0,0,0,0,0,0,0,0,0,0,0,0,0,0,0,0,0,0,0,0,0,0,0,0,0,0,0,0,0,0,0,0,0,0,0,0,0,0,0,0,0,0,0,0,0,0,0,0,0,0,0.2210827067669174,-0.020597943873297147,12.466575733783182,0.6586206896550968,-0.4239906744163795,1.0,0.0,0.0,0.0,0.0,0.0,0.0,0.0,0.0,0.0673684210526281,0.10315789473683673,0.653061224489463,0.008421052631578512,0.08163265306118288,0.02736842105263012,0.2653061224488439,0.08631578947367971,0.836734693877124,-0.0818540433925049,-0.2197238658777121,1.0,0.9999999999997912,0.0,16.0,-16.0,0.742825375909566,0.6551613198592358,14.0,6.0,8.0,35.573,9.8615,25.7115,107588.251,69383.55991802434,150688.81082982864,100.0,0.0,100.0,17.88660745189144,0.11801738402901596,1.0,52.7263496814113,0.6530612244897962,6.476697695943447,1.0944871794871815,838035.2607058327,79884.91000014613,3.593681142020586,100.0,84.12983663937153,1.0,广告包装,-4.0306,4.5918,-11.7347,414.8632,276.5133,191.4704,6.0304,2.8571,0.0,0,0.8359608314395484,1.917733453664304,0.08558162358958943,0.022284677048969304,-0.0028775000000000025,0.018345499999999976,0.002243800000000006,-0.017711900000000006,-0.015468099999999985,-0.012121600000000003,-0.03432249999999999,-0.04644410000000003,0.0,1.0,0.0,1.1450598328172188,-6.119132789581744e-08,-0.0,0.015619500000000003,-0.015468100000000023,0.0,0.2,0.9507008855807719,0.0,0.0,1e-06,3e-06,9e-08,0.68,-10.602,1.019,0.0,-1e-06,-0.0030936200000000044,-0.002322205000000001,-0.0007714150000000036,-1.0,1.0,-0.23219969869409124,-0.00042688574682139086,-0.0005405616992058446,-0.8645999559164851,-6.3518525438770865,0.2894901813510468,1.6427999548947774,0.5536761629302139,0.46030178831518204,-0.004232580000000002,0.0,0.2,0.2894901813510468,0.26761808452014973,0.24510954837583643,0.20378508485091762,1.1762655421599628,0.06383299966923212,0.0857050965001292,0.03726177127863592,0.04132446352491881,0.059133868109533,-0.002511500000000001,0.014457200000000012,-0.0,0.013995299999999994,-0.0,0.0,0,0.04179804157197742,0.060777871466092925,0.13457900329126393,92.05901675243638,1.2998661202541089,0.7402524451534127,7.5011902490202855,0.6201645958183106,0.5983073448497378,77.8001772650688,71.24330030586705,2026-04-30,58.33474569,61.2,0.3705316,1.7590306174604478,698.0,2811.0,20.81,51.42,1.77,9152.0,0.2461552217453505,173.0,0.22058297567954221,假涨,75,机构温和退出，主力净流出，死叉状态
300533.SZ,20250826,10.0,0.0,-10.0,-6.0,-8.648772654278511,-12.79018834866403,-13.604037623308113,-17.520805957074025,-11.65404909382887,-19.951817783618047,-10.30052764395504,-19.951817783618047,1022019.7272,,26.4016,7.0128,-5.0,3.0,5.0,0.0,0.07539349681748653,0.09481351249529091,0.13628069443720348,0.256769419283535,0.4803745935252717,0.056618528752411246,0.10603781744792307,1.5174429890832073,1.196761397618859,0.3206815914643484,83.97629026880497,71.32800648752337,66.59692416438077,77.14739996816613,66.04380243013279,99.35459504423281,1.1680424066453376,0.20400006508801347,0.04843956071639733,0.07539349681748653,0.09481351249529091,0.13628069443720348,16.769354406643465,16.24000000000001,257.99126637554605,-25.85836909871241,61.60186340601308,0.44873505930442814,1.410996784608858,1.3707014252574385,0.12292118582791037,1.575723336720863,1,8600102.259999998,2001009.4899999993,0,0,0,0,0,0,0,0,0,100,0,0,0,0,0,0,0,0,0,0,0,0,0,0,0,0,0,0,0,0,0,0,0,0,0,0,0,0,0,0,0,0,0,0,0,0,0,0,0,0,0,0,0,0,0,0,0,0,0,0,0,0.2787969924812074,0.23400416782439507,15.578310291285074,0.9999999999999436,0.6671394927213458,1.0,1.0,0.0,0.0,0.0,0.0,0.0,0.0,0.0,0.061875761266746515,0.12423873325212856,0.4980392156861779,0.05870889159561359,0.4725490196077497,0.0036540803897684515,0.0294117647058763,0.006820950060901374,0.05490196078430456,-0.08914888735948623,-0.148979123652214,1.0,0.9999999999998852,0.0,17.0,-17.0,0.5231655168788537,0.7330617821420761,14.0,6.0,8.0,32.0668,16.102,15.9648,225074.18050000002,61475.34868375843,258653.2869525656,100.0,14.285714285714286,85.71428571428572,37.11764845996297,0.14848248543328477,1.0,42.65601297504674,0.49803921568627557,4.037675035887377,1.528974358974338,-1600226.6833909727,244237.56132071489,4.843956071639733,100.00000000000001,92.06490688925028,1.0,互联网,-8.0757,6.0222,-15.3207,1344.7929,896.2868,869.5626,7.2047,1.1644,0.0,0,1.0854838671487466,2.0978911527559982,0.06703422437237028,0.02325498036379048,0.0561865,-0.07053909999999994,-0.01939380000000007,0.03374639999999991,0.014352599999999986,-0.33594340000000017,-0.004241500000000072,-0.3401849000000002,0.0,1.0,0.0,2.3512394966765564,-3.2859075501457318e-09,-0.0,0.007491299999999999,0.014352600000000021,0.0,0.8333333333333334,1.0083863804844369,0.0,0.0,1e-06,3e-06,3e-08,0.711,-13.306,0.782,0.0,-1e-06,0.002870520000000004,-0.01700924500000001,0.019879765000000015,1.0,2.0,1.1038644318515298,0.0042785802488722584,0.0013769503004829936,0.6066711757080232,-3.675609169982522,0.6267842406066283,1.106368472430673,0.26815699392463455,-0.07368625140026441,0.029437620000000005,0.0,0.8333333333333334,0.6267842406066282,0.6214187276760088,0.5857882632925104,0.5775999415894009,1.0681608338409796,0.04381878608660794,0.04918429901722732,0.025032936015648932,0.008188321703109569,0.03039844894626831,-0.0,-0.023261599999999938,-0.0,0.029880700000000017,-0.0,0.0,0,0.05427419335743733,0.07239126979157118,0.15591340624764727,89.39541800269541,1.1655087054403472,0.42885721050322867,10.602713401332391,0.7226604716567747,0.5992239470932242,77.39515149659667,79.83670296533109,2026-04-30,49.3133254,76.0,0.214468,-1.1456740058703667,-532.0,4860.0,26.61,-159.76,6.22,27758.0,0.5436337625178826,882.0,0.7939020028612304,假涨,75,机构温和退出，主力流入微弱，市场过热且排名骤降
920098.BJ,20250626,10.0,0.0,,-6.0,-4.89130434782608,-7.806297962423911,-2.5543478260869503,-11.960836200052913,-3.1249999999999964,-11.960836200052913,-3.233695652173907,-11.960836200052913,299258.9579,34.4318,34.5545,3.2506,-5.0,3.0,5.0,0.0,0.04735883424408027,0.07276119402985093,0.11163134921234263,0.14629246032364085,0.17586912065439675,0.06136627950882789,0.03118040089086871,1.0032285751384507,0.4989005221070856,0.5043280530313651,65.23766329134436,62.11077648024897,58.238782661019826,71.74003636216118,66.59072162540575,82.03866583567205,1.0036663789382412,0.22163748441511744,0.05318311943781809,0.04735883424408027,0.07276119402985093,0.11163134921234263,16.52944901836606,19.830674047541507,238.30425364785415,-51.07719928186719,81.63557132556019,0.33283202831722036,1.9042397248453176,3.7135326894415592,0.15038961038961038,4.228201312997822,3,271412.9000000001,116610.99999999997,0,0,0,0,0,0,0,0,0,0,0,0,0,0,0,0,0,0,0,0,0,0,0,0,0,-100,0,0,0,0,0,0,0,0,0,0,0,0,0,0,0,0,0,0,0,0,0,0,0,0,0,0,0,0,0,0,0,0,0,0,0,0.2401729323308251,0.059730758544039406,13.505101571066307,0.8762736535661659,-0.9895047946281781,0.0,0.0,0.0,0.0,0.0,0.0,0.0,0.0,0.0,-0.0315789473684203,0.15236842105262755,-0.2072538860103274,0.11815789473683905,0.7754749568219736,0.002631578947368202,0.017271157167526262,-0.14710526315789113,-0.9654576856647747,-0.075054347826087,-0.13923913043478253,0.95,0.7645429362879823,1.0,17.0,-16.0,0.9390314683747284,0.7167329794468074,11.0,9.0,2.0,36.930099999999996,17.336400000000005,19.59369999999999,25724.82,24590.547454068812,44072.95797560108,100.0,28.571428571428573,71.42857142857143,33.68604743429196,0.084618276242064,1.0,24.221552960497934,-0.2072538860103632,3.464119105533392,1.133846153846143,-143460.29013349087,23413.886778623215,5.318311943781809,63.03166777772049,71.15833910141447,1.0,橡胶,-5.9053,13.3705,-8.4401,351.5503,183.3564,89.2891,5.8652,4.5321,1.0,1,0.9748919158497182,1.3131655671329212,0.036383589054233445,0.007040958296495425,,,,,,,,,,,,,,,,,,,,,,9e-06,1.9e-05,3.3e-07,0.7324,-13.587,1.277,0.226,-1e-06,,,,,,,,,,,,,,,,,,,,,,,,,,,,,,,,,,3,0.026783135445695994,0.02861656205034091,0.0034609819423712107,63.28171091445424,1.2161544987340387,2.0639787656777084,5.920561577536551,0.7358771612597937,0.767492475512122,89.00510075344971,90.4988056075655,,,,,,,,,,,,,,,假涨,85,机构零持仓且无流入，高概率卖出信号主导
300810.SZ,20250822,10.0,0.0,-10.0,-6.0,-3.107598347404354,-8.747979162924384,-15.843362672893837,-22.795042213041146,-15.232620801149638,-22.795042213041146,-21.663373450691576,-22.795042213041146,657184.35,,,8.3135,-5.0,-12.0,-10.0,0.0,-0.024873007531966973,0.08762332714662491,0.15639475706778017,0.3020496308481526,0.4720925159154965,0.1858914438835919,0.12595601362782305,3.3107453497952264,2.32025684815224,0.9904885016429863,58.650389635670365,59.994416383101814,59.89917588606192,53.510351035103476,69.41194119411945,21.707170717071534,0.8269031003868824,0.478413196089881,0.07739451521709752,-0.024873007531966973,0.08762332714662491,0.15639475706778017,21.78954276963465,30.527549824150068,75.65666417554388,-44.104410441044095,51.95055208247821,0.8951995545843472,1.0236988105411364,1.8162736901241316,0.1501783367749202,1.9839609924665056,1,3031501.0399999996,262217.18000000017,0,0,0,0,0,0,0,0,0,0,0,0,0,0,0,0,0,0,0,0,0,0,0,0,0,0,0,0,0,0,0,0,0,0,0,0,0,0,0,0,0,0,0,0,0,0,0,0,0,0,0,0,0,0,0,0,0,0,0,0,0,0.7163007518797005,0.3318466240622372,35.61405366326456,0.7103162873189267,0.44086298844714444,0.0,0.0,0.0,0.0,0.0,0.0,0.0,0.0,0.0,0.034758364312267094,0.14869888475836154,0.23374999999997134,0.08977695167286076,0.6037499999999243,0.0241635687732337,0.16249999999997933,-0.030855018587359957,-0.20749999999997362,-0.03847673791988493,-0.20467037901922036,0.9,0.5744680851063583,3.0,16.0,-13.0,0.8929580726931695,0.6113661615467806,11.0,9.0,2.0,68.1446,35.8001,32.3445,116758.41100000001,69466.80969952431,166000.02720515657,78.57142857142857,0.0,78.57142857142857,49.502290819411435,0.11079053674489771,1.0,19.988832766203622,0.23375000000000057,7.0460748900838475,3.3161538461538456,-76524.9574684246,-34767.96167503782,7.739451521709752,11.106073783851409,19.42325372484091,1.0,船舶,-20.5386,1.3465,-23.6445,1180.5671,1205.6975,596.8986,7.0746,1.7715,0.0,0,0.8359608314395484,1.917733453664304,0.08558162358958943,0.022284677048969304,0.1591952000000001,-0.11145719999999992,-0.143113,0.09537480000000002,-0.04773819999999994,-0.17173359999999993,0.08523910000000008,-0.08649449999999993,1.0,0.0,-2.0,-1.9978717253687852,-2.822792044606747e-08,-0.20773789999999998,-0.15999970000000013,-0.0,-2.0,0.4,0.9833406419978361,0.0,0.0,3e-06,4e-06,1.5e-07,0.6915,-5.694,1.357,0.2,2e-06,-0.009547639999999968,-0.004324724999999992,-0.005222914999999976,-1.0,2.0,-0.9808797637436646,-0.0023841126266660774,-0.0016151799171723472,-0.49052379544573077,4.4771499299341855,0.8752123098912702,2.426191805390482,-0.16774116292254437,0.16460600827748595,0.003170900000000027,1.0,0.4,0.8752123098912703,0.7727171626070468,0.6428499313066142,0.5684729325047302,1.3593420878606521,0.20424423010231663,0.3067393773865401,0.17853183842033882,0.07437699880188398,0.2810269857045623,-0.20773789999999998,-0.15999970000000013,-0.20773789999999998,-0.0979683000000001,-0.12661699999999998,-0.0979683000000001,0,0.04179804157197742,0.060777871466092925,0.13457900329126393,92.05901675243638,1.2998661202541089,0.8337185972773482,7.110968714348435,0.6861969523807802,0.7070016790850803,77.89059431614507,82.92181113126276,2026-04-30,57.04456406,66.8,0.1710908,-0.24287788870585797,970.0,3161.0,32.9,-69.3,2.17,12801.0,0.3111587982832618,725.0,0.7440092989985694,假涨,75,机构趋势温和退出，主力净流出，市场过热RSI92
300004.SZ,20250911,0.0,-10.0,10.0,-6.0,10.849056603773576,-7.236842105263156,-13.679245283018867,-27.763157894736835,-12.421383647798741,-27.763157894736835,-12.814465408805036,-27.763157894736835,610551.8567,81.9697,79.458,3.4498,-5.0,8.0,10.0,5.0,0.1753834781001662,0.18402680815414718,0.16446193985444224,0.3637825667417176,0.47426981919332434,-0.009291893623838532,0.17116972231156868,0.4398638075002328,0.45091093738317445,-0.011047129882941653,80.1444973039705,69.8075057858495,66.32127974635465,47.534516765285986,27.843523997370102,86.91650230111776,0.9593748236959694,0.35801252347971624,0.06336440748708089,0.1753834781001662,0.18402680815414718,0.16446193985444224,6.621961441743518,55.691554467564266,80.07078080070785,-11.83431952662718,57.14319179915049,0.6163076531221057,1.767137242501224,1.2155566193086398,0.21792452830188686,1.2720075425762525,1,8330363.24,-1024892.5599999987,0,0,0,0,0,0,0,0,0,0,0,100,0,0,0,0,0,0,0,0,0,0,0,0,0,0,0,0,0,0,0,0,0,0,0,0,0,0,100,0,0,0,0,0,0,0,0,0,0,0,0,0,0,0,0,0,0,0,0,0,0,0.015977443609022556,0.0578166157265908,0.9153622006814067,0.9999999999997891,0.5351487944441885,1.0,1.0,0.0,0.0,0.0,1.0,1.0,0.0,0.0,0.20454545454543518,0.21874999999997932,0.9350649350645301,0.0,0.0,0.014204545454544143,0.06493506493503697,0.21874999999997932,0.999999999999567,-0.06179245283018875,-0.19355345911949684,1.0,0.9999999999997695,0.0,19.0,-19.0,0.49595899177224606,0.6857621373763058,8.0,12.0,-4.0,77.5267,27.387900000000002,50.1388,655839.331,375687.3196366727,924344.3865818016,35.714285714285715,64.28571428571429,-28.571428571428573,10.789023400213576,0.15180633646118494,1.0,39.615011571698986,0.9350649350649349,5.501168094337501,0.5705769230769207,-2536425.423672063,-80250.40002766484,6.336440748708089,100.0,95.62321881574059,1.0,电气设备,-2.6154,21.5385,-16.6923,1014.0509,505.4947,734.1616,6.9227,1.7194,0.0,7,0.1855743537035659,1.9735909282253583,0.14671660032636424,0.017967151194928643,-0.23188530000000004,-0.043685299999999996,0.08741570000000004,0.1881547,0.2755704000000001,0.01782699999999996,0.18597310000000003,0.20380010000000004,5.0,0.0,2.0,0.6827826936419874,-6.402980957509181e-08,0.0,-0.18800640000000007,0.2755704000000001,2.0,1.0,1.3675588840962085,0.0,0.0,1e-06,2e-06,8e-08,0.6216,-22.72,1.646,0.0,-0.0,0.055114080000000024,0.010190005000000005,0.04492407500000002,1.0,3.0,4.014660851357975,0.019795033974891584,0.014423034156401136,4.540015056042677,25.976558817550178,0.5698629336576302,0.7248108627993739,-0.1765423356711626,0.2476288913315995,0.07637296000000002,5.0,1.0,0.5698629336576303,0.5192791046155631,0.6187688787050778,0.5492610502829124,0.9194765230036733,-0.02998194566734924,0.02060188337471791,-0.08156894318725671,0.06950782842216541,-0.030985114145189563,0.0,-0.24994120000000003,0.0,-0.18800640000000007,0.0,-0.18800640000000007,0,0.04188114661150322,0.08978963939894213,0.1834305207528315,61.87642317309975,0.9041518059480942,3.0873352113438335,8.053337163897798,0.8279071154184802,0.8925752008656217,98.22267898364638,100.0,2026-04-30,59.82832262,63.6,0.3427336,1.1474898384609271,1336.0,2395.0,13.52,-311.1,3.52,21111.0,0.44876609442060084,511.0,0.6402896995708155,假涨,85,机构温和退出且卖出概率极高，矛盾信号更似顶部派发
920087.BJ,20250626,10.0,0.0,,8.0,2.8206492815327366,-1.969132517296421,4.736562001064399,-9.893822393822381,-0.4257583821181389,-11.920849420849416,-0.05321979776475791,-13.175675675675677,310410.8,61.5406,69.9668,5.8387,-5.0,-12.0,-10.0,0.0,0.013156475789927846,-0.012819165703477964,-0.016281870059159154,-0.02808669114984752,0.17664862833913442,-0.029056070362808217,-0.01200020690011916,-0.11080917966246773,-0.005874881189421144,-0.10493429847304658,46.156032780480714,48.00462193198381,50.17230550580194,26.961778269992482,21.079918061462877,38.7254986870517,0.40559334390912355,0.1724652766377596,0.061896768322989966,0.013156475789927846,-0.012819165703477964,-0.016281870059159154,-6.703078450844102,4.972067039106154,-42.83988476907355,-76.24703087885987,66.50205949366071,-0.06905348213001039,0.9927156709260291,0.6639263734462323,0.020159151193634088,0.6420776045934159,4,3568621.4299999983,-106506.06999999983,0,0,0,0,0,0,0,0,0,0,0,0,0,0,0,0,0,0,0,0,0,0,0,0,-100,0,0,0,0,0,0,0,0,0,0,0,0,0,0,0,0,0,0,0,0,0,0,0,0,0,-100,0,0,0,0,0,0,0,0,0,0,-0.001789473684208557,0.0012536815782153948,-0.10252918021477399,0.39479392624726717,-0.3007434575009005,0.0,0.0,0.0,0.0,0.0,0.0,0.0,0.0,0.0,-0.008443271767809589,0.02005277044854789,-0.4210526315778369,0.0005277044854881814,0.026315789473618897,0.01108179419525012,0.5526315789459126,0.0021108179419523504,0.1052631578944569,0.06631186801490174,-0.01915912719531665,0.525,0.28846153846142736,12.0,5.0,7.0,0.7954582160554087,0.7614564923387945,10.0,10.0,0.0,24.354400000000002,17.5766,6.777800000000003,107324.1595,52560.97731555919,143482.86826020983,14.285714285714286,78.57142857142857,-64.28571428571429,20.04048732935549,-0.0665506827757011,-1.0,-3.9907561360323736,-0.4210526315789449,1.0834090373808745,0.20641025641023703,40389.29719018398,648.8024971609029,6.189676832298996,92.60129540152137,78.5873886510433,1.0,种植业,4.1801,13.612,-1.9293,133.8888,133.2697,208.356,4.9045,-0.7147,0.0,1,0.9748919158497182,1.3131655671329212,0.036383589054233445,0.007040958296495425,,,,,,,,,,,,,,,,,,,,,,2e-06,5e-06,7e-08,0.5091,-5.322,0.091,1.339,-1e-06,,,,,,,,,,,,,,,,,,,,,,,,,,,,,,,,,,3,0.026783135445695994,0.02861656205034091,0.0034609819423712107,63.28171091445424,1.2161544987340387,1.7023800039465076,6.59904547051275,0.6301237405195008,0.7458952133189333,86.56477438593267,80.45890337580688,,,,,,,,,,,,,,,假涨,85,机构零参与且无资金流入，矛盾信号无基本面支撑
301419.SZ,20250917,0.0,0.0,-5.0,-3.0,-3.75880971025843,-3.75880971025843,-10.467240929261303,-15.948838423388148,-11.198120595144868,-15.948838423388148,-17.723831897676853,-18.559122944400947,459720.0,100.4168,73.8011,4.9375,-5.0,8.0,0.0,0.0,0.05624483043837891,0.1015267834037783,0.11730051329911362,0.21615830269040504,0.2649130530486463,0.05780447970135327,0.08847914076347174,1.1517902771619504,0.8294793323674975,0.3223109447944529,77.56156432876466,68.84592764751581,65.10053523857458,80.51671718038169,78.5631591837631,84.42383317361885,1.1763899399402027,0.17342143395787765,0.04834517464912974,0.05624483043837891,0.1015267834037783,0.11730051329911362,18.24074074074076,8.220338983050857,210.46146180675328,-13.928571428571365,66.56799854250445,0.3459586128063963,1.5635582805489083,2.2923630888700193,0.07388636969858618,2.5255241329571416,1,2170745.099999999,182911.96000000043,0,0,0,0,0,0,0,0,0,100,0,0,0,0,0,0,0,0,0,0,0,0,0,0,0,0,0,0,0,0,0,0,0,0,0,0,0,0,0,0,0,0,0,0,0,0,0,0,0,0,0,0,0,0,0,0,0,0,0,0,0,0.1370977443609029,0.1511378160600154,7.806455390220946,0.999999999999913,0.4763343563841823,1.0,1.0,0.0,0.0,0.0,0.0,0.0,0.0,0.0,0.041315574884478436,0.07529219896710847,0.5487364620936667,0.03180212014134175,0.4223826714799906,0.002174503941288288,0.02888086642598178,0.011687958684424984,0.15523465703965783,-0.09313495170973629,-0.12524145131819375,1.0,0.9999999999998518,0.0,9.0,-9.0,0.8322355511474682,0.6888556439860859,10.0,10.0,0.0,27.866800000000005,18.937,8.929800000000004,55972.09300000001,28412.919956697988,66757.59988082023,100.0,35.714285714285715,64.28571428571429,33.06149434191494,0.13700093077747136,1.0,37.69185529503163,0.5487364620938647,0.7755905511811495,0.26519230769232394,310388.9928901153,27727.453161092883,4.834517464912974,100.0,78.50970635852622,1.0,通信设备,-8.7793,3.0846,-16.1877,491.5493,302.7198,195.3433,6.1996,3.1192,1.0,11,1.6232809667526873,1.1300129630267568,0.14150464552128184,0.013603936948011208,-0.0006836999999999746,-0.015232099999999986,0.008470200000000011,0.007445799999999996,0.015915999999999996,-0.0512089,-0.03998220000000001,-0.09119110000000002,0.0,1.0,2.0,0.46781854737371187,2.0993490017331487e-08,-0.0,-0.054062700000000005,0.015915999999999958,2.0,0.85,1.0410778416840987,0.0,0.0,3e-06,8e-06,1.3e-07,0.408,-13.078,0.785,0.0,-2e-06,0.0031831999999999915,-0.004559554999999999,0.00774275499999999,1.0,6.0,1.3926933000932613,0.0009663059637362017,0.0003211526868152233,0.6983913140270052,-10.888001284917408,0.35556249943799517,1.7468670922153051,0.5696717319956032,0.00036846035026587206,0.00923884,0.0,0.85,0.35556249943799517,0.32833637399445537,0.32912955207170635,0.3097182865349697,1.0770392932310544,0.018618087459485677,0.04584421290302548,0.0010339975269176294,0.019411265536736666,0.028260122970457435,-0.01050590000000002,-0.025963499999999973,-0.0,-0.054062700000000005,-0.0,-0.0350183,0,0.02376860366764455,0.06546331413588069,0.14922716012595738,58.10238502117549,0.8532024426391814,0.9027083232361732,4.473923879061974,0.7117654767842728,0.6687426642276456,72.04935437086127,82.87871383586624,2026-04-30,53.73299215,61.6,0.225534,0.29300059491732067,68.0,4059.0,40.08,97.16,3.41,6343.0,0.18007868383404865,206.0,0.28388769670958514,假涨,75,机构温和退出，主力流入弱，市场弱alpha，矛盾信号更可能为顶部派发
002048.SZ,20250905,10.0,-10.0,-10.0,-6.0,6.8575233022636555,-2.461257976298983,19.573901464713725,-11.155082859262919,11.884154460719042,-22.409102151867422,1.731025299600531,-24.41256492703438,2444754.6985,25.6531,521.4431,2.2443,-5.0,3.0,5.0,0.0,0.03679160626768829,0.12198401434227235,0.22213181448331976,0.46603331598125974,0.6679545254741555,0.1787632221318145,0.1995705361790736,2.3348093591197348,1.8285502859893075,0.5062590731304273,70.39894761577943,72.87716220318104,72.41276651878236,78.83790772554873,83.1788006793089,70.15612181802837,0.9674024426180282,0.4752474403837264,0.05360798033919402,0.03679160626768829,0.12198401434227235,0.22213181448331976,30.155979202772976,44.076738609112695,101.42705429443771,-12.05510907003445,80.65439583641393,1.43252476809006,0.9770813019489973,1.4581765687707446,0.10021865889212828,1.6730787563393612,2,14058988.130000006,6334171.180000002,0,0,0,0,0,0,0,0,0,100,0,100,0,0,0,0,0,0,0,0,0,0,0,0,0,0,0,0,0,0,0,0,0,0,0,0,0,0,100,100,0,0,0,0,0,0,0,0,0,0,0,0,0,0,0,0,0,0,0,0,0,0.46236090225563975,0.1961389274798557,24.813975642260658,0.9713914174251643,0.8385526557962758,0.0,0.0,0.0,0.0,0.0,0.0,0.0,0.0,0.0,0.09196655761540914,0.09996364958196656,0.9199999999996645,0.005089058524172864,0.0509090909090726,0.0029080334423845487,0.029090909090899182,0.08978553253362083,0.8981818181814911,-0.08608521970705718,-0.24880159786950717,0.95,0.9523809523808492,2.0,19.0,-17.0,0.820367911745094,0.40024932176331685,16.0,4.0,12.0,51.953,13.2487,38.7043,475357.22000000003,208867.27554800632,651520.4310068657,85.71428571428572,7.142857142857143,78.57142857142857,27.3133335289898,0.09076785855559612,1.0,45.75432440636209,0.9199999999999992,10.33270028838717,2.4483333333333412,2466571.851146417,487639.295331629,5.360798033919402,27.872786282380154,42.62426209412672,1.0,汽车配件,13.2402,35.0632,-1.0645,2082.2369,2056.641,1217.2014,7.6417,2.2502,0.0,3,-0.09759820063435676,1.5422176302713693,0.18088523036796467,0.006808125599027326,0.2115012000000001,-0.045621000000000064,-0.19288910000000006,0.0270089000000001,-0.16588019999999992,-0.09984649999999998,0.022607600000000255,-0.0772388999999998,2.0,0.0,-2.0,-0.16282172314718762,-2.9226599928231803e-09,0.08721169999999999,0.19924190000000014,-0.0,-2.0,0.16666666666666666,0.9689959534422505,0.0,0.0,0.0,1e-06,3e-08,0.8124,-12.45,0.952,1.385,-0.0,-0.03317604000000003,-0.003861945000000001,-0.02931409500000003,-1.0,13.0,-6.029293831995225,0.0007301394749611879,0.01156461930034636,0.08387761277336102,13.191970836180602,1.086694161488264,1.629972133108918,-0.7701654267056691,-0.3087937829401358,-0.02818660000000004,2.0,0.16666666666666666,1.086694161488264,1.1893094357819032,1.1235370647994711,0.9501837752920705,0.9663480160007396,0.23912566048983264,0.13651038619619338,0.0994196169074375,0.1733532895074006,-0.0031956573862017557,0.08721169999999999,0.19924190000000014,0.08721169999999999,0.0729228000000002,0.08721169999999999,-0.15775299999999975,0,-0.008103612378690506,0.08656579707038037,0.15427335165546108,65.00400722659167,0.9145236086551601,2.157978655469824,5.1091360862982675,0.7351454261079261,0.7654359746254455,88.04227256140084,90.32098103695475,2026-04-30,57.6661348,69.6,0.3038368,-0.4066922581190194,-243.0,2991.0,26.03,19.41,2.12,83935.0,0.871065808297568,1020.0,0.8245708154506438,假涨,75,机构趋势温和退出，主力净流出，市场关注度下降
688031.SH,20250829,0.0,-10.0,0.0,-3.0,-10.858085808580856,-13.069306930693072,-0.9735973597359792,-17.442244224422442,-16.08910891089109,-19.77374123645634,19.900990099009892,-19.77374123645634,734044.867,,,7.611,-5.0,8.0,10.0,3.0,0.05336346254128288,0.08606043227355809,0.11456474959077445,0.22051512720412747,0.21464793249283454,0.058100825807875456,0.09505986767682528,2.056528896695653,1.5588035623534136,0.4977253343422394,84.30902195614472,70.84723747671549,64.93446876719496,71.39348241897308,72.14335932960041,69.89372859771842,1.1522528679725383,0.17564468508492387,0.04793422291464166,0.05336346254128288,0.08606043227355809,0.11456474959077445,17.555771096023285,13.504401573328352,178.4260011840615,-23.494860499265755,60.17642737806097,0.4690156578188276,1.1671811226578603,1.5583058115459272,0.0991622499572576,1.7278003028744233,1,1407401.2499999998,205468.10000000033,0,0,0,0,0,0,0,0,0,100,0,0,0,0,0,0,0,0,0,0,0,0,0,0,0,0,0,0,0,0,0,0,0,0,0,0,0,0,0,0,0,0,0,0,0,0,0,0,0,0,0,0,0,0,0,0,0,0,0,0,0,0.2685263157894732,0.22439427618782737,15.030847227966788,0.9999999999999465,0.5791918979644308,1.0,1.0,0.0,0.0,0.0,0.0,0.0,0.0,0.0,0.0448275862068958,0.09999999999999823,0.4482758620688887,0.05517241379310242,0.5517241379309389,0.0,0.0,-0.01034482758620662,-0.1034482758620502,-0.07264026402640267,-0.1266666666666667,1.0,0.9999999999999009,0.0,11.0,-11.0,0.7512656885448317,0.30895838367647693,11.0,9.0,2.0,30.6372,17.057699999999997,13.579500000000003,59001.134,18892.09559877973,62657.99295329138,100.0,28.571428571428573,71.42857142857143,52.480770204373805,0.13398068969679972,1.0,41.694474953431,0.44827586206896597,2.1789714606893917,1.1729487179485645,-1694543.8592198526,-13273.815982410917,4.793422291464166,100.0,90.23190233622638,1.0,软件服务,-4.6205,13.4818,-18.1518,557.1674,454.5003,324.0978,6.3247,2.5758,1.0,0,0.542530835998174,1.9469360365204154,0.13537389520509113,0.02474446846760281,-0.057633200000000016,-0.012956900000000021,0.05293360000000001,0.017656899999999993,0.07059050000000001,-0.00035250000000000906,0.020369800000000004,0.020017300000000036,5.0,0.0,2.0,0.2501313916178521,9.770112880191895e-08,0.0,-0.0532938,0.0705905,2.0,1.0,1.120695890059629,0.0,0.0,5e-06,8e-06,4e-08,0.2474,-10.099,0.685,0.0,1e-06,0.0141181,0.0010008649999999997,0.013117235,1.0,5.0,6.555782124231271,0.0042839374566610265,0.003829642149444741,2.9091855349316846,13.424985992180183,0.37206092267735935,1.5745484754581338,0.6220189266123669,-0.16776338066971216,0.02670736,5.0,1.0,0.3720609226773593,0.3566389527750101,0.3425612626712738,0.3076964343845256,1.0829536478719795,0.048942518390484524,0.0643644882928337,0.020421190493391306,0.034864828286748195,0.03584316039574048,0.0,-0.05329380000000003,0.0,-0.0,0.0,-0.0,2,0.0271265417999087,0.10896119045211639,0.16075973546585165,82.3158621880667,1.432807511196142,3.3071127697926315,9.651757909082844,0.6727747856297929,0.5417786269118565,100.0,72.41562381641398,2026-04-30,49.24926786,61.2,0.3378016,-1.887770391310875,182.0,4875.0,132.0,-71.39,4.4,18286.0,0.4011087267525036,1274.0,0.8595314735336195,真涨,75,机构持续温和加仓，主力净流入，矛盾信号源于短期事件而非趋势逆转
920806.BJ,20251217,6.0,6.0,,8.0,3.155680224403935,-4.6258503401360525,0.4207573632538604,-8.028259473346179,-4.0673211781206176,-12.138728323699425,-5.399719495091161,-14.193962748876048,428850.4871,36.9393,44.7701,2.8723,-5.0,8.0,0.0,0.0,0.037241780622635945,0.06521251960857533,0.07129441815040183,0.016043415786911153,-0.04898991302414757,0.032829990233641304,-0.051574059779833314,-0.03884726531111227,-0.22190125697181856,0.1830539916607063,63.43169683391158,57.231384492164864,52.71064128627575,47.67974696809471,47.288195337582316,48.462850229119496,1.0078320900221227,0.14038974604243268,0.04655501605963978,0.037241780622635945,0.06521251960857533,0.07129441815040183,9.43975441289333,4.2397660818713545,216.67530970901703,-52.599388379204925,59.482324842356704,-0.19264687579330086,1.5945919769539232,4.192723643880419,0.09939556749496309,4.360012096422822,4,5318142.469999994,-16622.62999999989,0,0,0,0,0,0,0,0,0,0,0,0,0,0,0,0,0,0,0,0,0,0,0,0,0,-100,0,0,0,0,0,0,0,0,0,0,0,0,0,0,0,0,0,0,0,0,0,0,0,0,0,0,0,0,0,0,0,0,0,0,0,0.02699248120300752,-0.027675743262017227,1.5461798119836485,0.49820788530448096,0.1702799433656178,0.0,0.0,0.0,0.0,1.0,0.0,0.0,0.0,0.0,-0.012465373961217954,0.1024930747922367,-0.12162162162153921,0.08033240997229361,0.783783783783254,0.00969529085872513,0.09459459459453103,-0.08310249307478644,-0.8108108108102622,-0.06129032258064504,-0.08695652173913049,0.95,0.6881188118808472,1.0,5.0,-4.0,0.921003262337841,0.8599200999006175,8.0,12.0,-4.0,25.7417,20.2587,5.4830000000000005,37509.0355,55372.189348100095,100385.90484241223,92.85714285714286,64.28571428571429,28.571428571428573,13.578984113801086,0.047757074768503924,1.0,14.46276898432972,-0.12162162162162139,-1.2168739859382667,-0.16442307692306635,-3893761.4770958466,-55131.13006967399,4.655501605963978,64.59203339743232,71.73024452992344,1.0,软件服务,-1.2186,14.6237,-2.509,224.2599,141.3485,52.2505,5.4173,3.517,0.0,0,-0.05204896522737146,-1.4779029542664164,0.03402819150135594,0.00395008666867136,,,,,,,,,,,,,,,,,,,,,,7e-06,1e-05,3.6e-07,0.9057,-10.589,1.629,0.236,3e-06,,,,,,,,,,,,,,,,,,,,,,,,,,,,,,,,,,3,-0.002602448261368573,-0.0018329268638207497,0.012499613117740394,56.98894428788215,1.0108516651370125,1.6534875812570105,20.46398897329504,0.6907840511278301,0.5634237134919394,91.43907776670883,75.14623040602785,,,,,,,,,,,,,,,假涨,85,机构零持仓且无流入，矛盾信号无资金支撑
300984.SZ,20250911,6.0,-10.0,10.0,-6.0,6.645569620253171,-2.280216159219723,-5.422899884925196,-16.559691912708608,-5.8112773302646605,-16.559691912708608,-12.571921749136933,-22.580231065468553,856963.3211,327.8878,222.7226,8.3932,-5.0,-12.0,-5.0,0.0,0.016285121188199803,0.08040903863488014,0.10328191455595759,0.17887787286478174,0.12506776785497542,0.08560274233479337,0.06851916750511555,2.233372436006171,1.3352589098849559,0.898113526121215,85.05358350769039,71.53890000538257,63.963319864463756,88.0623443208922,88.96847978134771,86.25007339998118,0.9611275681578643,0.22397688121001558,0.049920254838892814,0.016285121188199803,0.08040903863488014,0.10328191455595759,18.878248974008205,14.719471947194718,109.00304277787741,-10.889774236387789,74.5749447848425,0.38343089106036565,0.8987079546242207,1.1851352317890296,0.06523630037692084,1.2770922237305928,1,1648328.55,424489.0499999998,0,0,0,0,0,0,0,0,0,0,0,0,0,0,0,0,0,0,0,0,0,0,0,0,0,0,0,0,0,0,0,0,0,0,0,0,0,0,0,0,0,0,0,0,0,0,0,0,0,0,0,100,0,0,0,0,0,0,0,0,0,0.3091428571428598,0.21252570158377154,17.178620420372436,0.9999999999999437,-0.3571541970033749,1.0,1.0,0.0,0.0,0.0,0.0,0.0,0.0,0.0,0.011788677048464424,0.06549265026924662,0.1799999999999605,0.014262843836413767,0.21777777777773027,0.03944112938436843,0.602222222222087,0.03696696259641909,0.5644444444443172,-0.04093785960874552,-0.13679516685845794,1.0,0.9999999999999094,0.0,10.0,-10.0,0.46548285429098,0.33316047076301003,13.0,7.0,6.0,27.1472,12.7268,14.4204,50675.3815,19170.103074745297,57659.506826652505,92.85714285714286,50.0,42.85714285714286,62.208751341017475,0.10516755838582302,1.0,43.077800010765124,0.1800000000000005,1.2806418461060267,0.8019871794872131,282308.5926424264,31098.48592802335,4.9920254838892815,100.0,100.00000000000004,1.0,机械基件,5.5731,18.0121,-8.9342,417.5175,456.2035,322.3844,6.0367,1.5169,0.0,7,0.1855743537035659,1.9735909282253583,0.14671660032636424,0.017967151194928643,-0.006168099999999968,-0.031184499999999997,0.00360319999999998,0.033749299999999996,0.037352500000000004,0.027619099999999973,-0.08136580000000003,-0.05374670000000002,0.0,1.0,2.0,0.9035352386051801,-2.4885703783644803e-08,-0.0,-0.05205660000000002,0.037352499999999976,2.0,0.95,1.0397968292094075,0.0,0.0,3e-06,9e-06,5e-08,0.4134,-11.493,0.369,0.0,-3e-06,0.007470499999999995,-0.0026873350000000047,0.010157835,1.0,9.0,2.7547903838409007,0.0022462827026199826,-0.0010096611050901217,1.0137075601542007,-6.060427455787867,0.7357447238271184,1.5214546021445658,0.4927066284395482,-0.04019920566184005,0.0035117600000000113,0.0,0.95,0.7357447238271183,0.7111814028629568,0.6728907207481966,0.6519106193921237,1.0917863997448243,0.059270783470833144,0.08383410443499462,0.02883459906284047,0.020980101356072867,0.053397920027001944,-0.0,-0.05205660000000002,-0.0,0.004706599999999992,-0.0,0.0,0,0.04188114661150322,0.08978963939894213,0.1834305207528315,61.87642317309975,0.9041518059480942,2.421205524252262,3.4113191399746565,0.7145378539780819,0.6896087515680639,86.54758335003686,84.2953184130256,2026-04-30,65.22511132,63.2,0.3887296,0.576121568816341,982.0,1053.0,63.75,134.33,5.04,5930.0,0.16908082975679542,324.0,0.4680793991416309,不确定,55,机构温和退出，市场关注度低，矛盾信号方向不明
